{
    "usedGridSearch": true, 
    "probaAware": true, 
    "gridSize": 3, 
    "modelInputNRows": 3098, 
    "modelInputNCols": 22, 
    "modelInputMemory": 545248, 
    "gridCells": [
        {
            "score": 0.9113504359220829, 
            "params": {
                "penalty": "l1", 
                "alpha": 0.1, 
                "loss": "log"
            }
        }, 
        {
            "score": 0.9671413492077832, 
            "params": {
                "penalty": "l1", 
                "alpha": 0.01, 
                "loss": "log"
            }
        }, 
        {
            "score": 0.966556062372077, 
            "params": {
                "penalty": "l1", 
                "alpha": 0.001, 
                "loss": "log"
            }
        }
    ], 
    "gridBestScore": 0.9671413492077832, 
    "modelInputIsSparse": false
}