{
  "state": "DONE",
  "preSearchDescription": {
    "gridLength": 3,
    "importantParams": [
      {
        "name": "penalty",
        "vals": [
          "l1"
        ]
      },
      {
        "name": "loss",
        "vals": [
          "logit"
        ]
      }
    ]
  },
  "postSearchDescription": {
    "importantParams": [
      {
        "name": "penalty",
        "val": "l1"
      },
      {
        "name": "loss",
        "val": "log"
      },
      {
        "name": "alpha",
        "val": "0.01"
      }
    ]
  },
  "modelId": "m1",
  "progress": {
    "top_level_todo": [],
    "stack": [],
    "top_level_done": [
      {
        "name": "Loading train set",
        "time": 10
      },
      {
        "name": "Loading test set",
        "time": 6
      },
      {
        "name": "Collecting statistics",
        "time": 11
      },
      {
        "name": "Preprocessing train set",
        "time": 51
      },
      {
        "name": "Preprocessing test set",
        "time": 51
      },
      {
        "name": "Fitting model",
        "time": 3757
      },
      {
        "name": "Saving model",
        "time": 3
      },
      {
        "name": "Scoring model",
        "time": 485
      }
    ]
  },
  "startTime": 1535494698648,
  "endTime": 1535494703044,
  "preprocessingTime": 151,
  "trainingTime": 4245
}