{
    "rawImportance": {
        "variables": [
            "TEC", 
            "pw_linear:MORNPEAK+TEC", 
            "pw_linear:TEC+WEnd.AM.Slope", 
            "pw_linear:TEC+max", 
            "pw_linear:LF+max", 
            "pw_linear:TEC+WEnd.Centroid", 
            "pw_linear:TEC+ToUmax", 
            "pw_linear:WDay.Centroid+TEC"
        ], 
        "importances": [
            0.82046460428811019, 
            0.002515972552384929, 
            0.001570465377721248, 
            0.0038914412341234106, 
            0.0019731494441637817, 
            0.0097117645856274644, 
            0.0060563195257504823, 
            0.15381628299211847
        ]
    }, 
    "probaAware": true, 
    "modelInputNRows": 3098, 
    "modelInputNCols": 10, 
    "modelInputMemory": 247840, 
    "modelInputIsSparse": false
}