{
  "state": "DONE",
  "preSearchDescription": {
    "gridLength": 1,
    "importantParams": [
      {
        "name": "max_depth",
        "vals": [
          "5"
        ]
      },
      {
        "name": "min_samples",
        "vals": [
          "1"
        ]
      },
      {
        "name": "criterion",
        "vals": [
          "gini"
        ]
      }
    ]
  },
  "postSearchDescription": {
    "importantParams": [
      {
        "name": "criterion",
        "val": "gini"
      },
      {
        "name": "max_depth",
        "val": "5"
      },
      {
        "name": "min_samples",
        "val": "1"
      }
    ]
  },
  "modelId": "m1",
  "progress": {
    "top_level_todo": [],
    "stack": [],
    "top_level_done": [
      {
        "name": "Loading train set",
        "time": 10
      },
      {
        "name": "Loading test set",
        "time": 8
      },
      {
        "name": "Collecting statistics",
        "time": 164
      },
      {
        "name": "Preprocessing train set",
        "time": 367
      },
      {
        "name": "Preprocessing test set",
        "time": 160
      },
      {
        "name": "Fitting model",
        "time": 60
      },
      {
        "name": "Saving model",
        "time": 2
      },
      {
        "name": "Scoring model",
        "time": 435
      }
    ]
  },
  "startTime": 1534415517479,
  "endTime": 1534415518687,
  "preprocessingTime": 711,
  "trainingTime": 497
}