{
    "featureNames": [
        "TEC", 
        "pw_linear:MORNPEAK+TEC", 
        "pw_linear:TEC+WEnd.AM.Slope", 
        "pw_linear:TEC+max", 
        "pw_linear:LF+TEC", 
        "pw_linear:LF+max", 
        "pw_linear:TEC+WEnd.Centroid", 
        "pw_linear:TEC+ToUmax", 
        "pw_linear:WDay.Centroid+TEC", 
        "pw_linear:WDay.AM.Slope+TEC"
    ], 
    "tree": {
        "rightChild": [
            32, 
            17, 
            10, 
            7, 
            6, 
            -1, 
            -1, 
            9, 
            -1, 
            -1, 
            14, 
            13, 
            -1, 
            -1, 
            16, 
            -1, 
            -1, 
            25, 
            22, 
            21, 
            -1, 
            -1, 
            24, 
            -1, 
            -1, 
            29, 
            28, 
            -1, 
            -1, 
            31, 
            -1, 
            -1, 
            48, 
            41, 
            38, 
            37, 
            -1, 
            -1, 
            40, 
            -1, 
            -1, 
            45, 
            44, 
            -1, 
            -1, 
            47, 
            -1, 
            -1, 
            54, 
            53, 
            52, 
            -1, 
            -1, 
            -1, 
            58, 
            57, 
            -1, 
            -1, 
            60, 
            -1, 
            -1
        ], 
        "impurity": [
            0.6290342881410819, 
            0.18500845085420836, 
            0.042897814712219096, 
            0.02163202815766041, 
            0.0029411700911632366, 
            0.0, 
            0.07986111111111116, 
            0.1049382716049383, 
            0.08148483476686286, 
            0.4444444444444444, 
            0.21663931321802798, 
            0.4444444444444444, 
            0.0, 
            0.0, 
            0.15444912178835823, 
            0.40816326530612246, 
            0.031737773152965665, 
            0.4410158812280005, 
            0.2149104539775094, 
            0.01886621315192749, 
            0.0, 
            0.4444444444444444, 
            0.37773215795193815, 
            0.20078319686721258, 
            0.4944598337950139, 
            0.46537396121883656, 
            0.4207063983084032, 
            0.47165532879818595, 
            0.3523156899810964, 
            0.375, 
            0.4444444444444444, 
            0.13265306122448983, 
            0.5205412636231534, 
            0.3194031705140168, 
            0.49882175511358284, 
            0.3770920132758986, 
            0.08148483476686286, 
            0.47530864197530864, 
            0.3413925221297397, 
            0.49382716049382713, 
            0.22684310018903586, 
            0.21972063492063487, 
            0.15348323330048674, 
            0.3450109569028488, 
            0.08965659598423714, 
            0.48460905349794237, 
            0.22979591836734692, 
            0.447810650887574, 
            0.3464995944086533, 
            0.30382804009177633, 
            0.24012979989183347, 
            0.13624567474048443, 
            0.47530864197530864, 
            0.0, 
            0.2076124567474048, 
            0.3911111111111111, 
            0.4954648526077098, 
            0.2966813694601974, 
            0.07008264462809921, 
            0.3648, 
            0.038570276807309845
        ], 
        "probas": [
            [
                0.41413815364751455, 
                0.41091026468689479, 
                0.17495158166559072
            ], 
            [
                0.10314262691377921, 
                0.89685737308622082, 
                0.0
            ], 
            [
                0.021929824561403508, 
                0.97807017543859653, 
                0.0
            ], 
            [
                0.010935601458080195, 
                0.98906439854191985, 
                0.0
            ], 
            [
                0.0014727540500736377, 
                0.99852724594992637, 
                0.0
            ], 
            [
                0.0, 
                1.0, 
                0.0
            ], 
            [
                0.041666666666666664, 
                0.95833333333333337, 
                0.0
            ], 
            [
                0.055555555555555552, 
                0.94444444444444442, 
                0.0
            ], 
            [
                0.042553191489361701, 
                0.95744680851063835, 
                0.0
            ], 
            [
                0.66666666666666663, 
                0.33333333333333331, 
                0.0
            ], 
            [
                0.12359550561797752, 
                0.8764044943820225, 
                0.0
            ], 
            [
                0.66666666666666663, 
                0.33333333333333331, 
                0.0
            ], 
            [
                0.0, 
                1.0, 
                0.0
            ], 
            [
                1.0, 
                0.0, 
                0.0
            ], 
            [
                0.084337349397590355, 
                0.91566265060240959, 
                0.0
            ], 
            [
                0.2857142857142857, 
                0.7142857142857143, 
                0.0
            ], 
            [
                0.016129032258064516, 
                0.9838709677419355, 
                0.0
            ], 
            [
                0.32826747720364741, 
                0.67173252279635254, 
                0.0
            ], 
            [
                0.12244897959183673, 
                0.87755102040816324, 
                0.0
            ], 
            [
                0.0095238095238095247, 
                0.99047619047619051, 
                0.0
            ], 
            [
                0.0, 
                1.0, 
                0.0
            ], 
            [
                0.33333333333333331, 
                0.66666666666666663, 
                0.0
            ], 
            [
                0.25274725274725274, 
                0.74725274725274726, 
                0.0
            ], 
            [
                0.11320754716981132, 
                0.8867924528301887, 
                0.0
            ], 
            [
                0.44736842105263158, 
                0.55263157894736847, 
                0.0
            ], 
            [
                0.63157894736842102, 
                0.36842105263157893, 
                0.0
            ], 
            [
                0.69911504424778759, 
                0.30088495575221241, 
                0.0
            ], 
            [
                0.38095238095238093, 
                0.61904761904761907, 
                0.0
            ], 
            [
                0.77173913043478259, 
                0.22826086956521738, 
                0.0
            ], 
            [
                0.25, 
                0.75, 
                0.0
            ], 
            [
                0.66666666666666663, 
                0.33333333333333331, 
                0.0
            ], 
            [
                0.071428571428571425, 
                0.9285714285714286, 
                0.0
            ], 
            [
                0.62197092084006467, 
                0.08616047388260635, 
                0.29186860527732905
            ], 
            [
                0.81289808917197448, 
                0.12738853503184713, 
                0.059713375796178345
            ], 
            [
                0.47572815533980584, 
                0.52427184466019416, 
                0.0
            ], 
            [
                0.25210084033613445, 
                0.74789915966386555, 
                0.0
            ], 
            [
                0.042553191489361701, 
                0.95744680851063835, 
                0.0
            ], 
            [
                0.3888888888888889, 
                0.61111111111111116, 
                0.0
            ], 
            [
                0.7816091954022989, 
                0.21839080459770116, 
                0.0
            ], 
            [
                0.44444444444444442, 
                0.55555555555555558, 
                0.0
            ], 
            [
                0.86956521739130432, 
                0.13043478260869565, 
                0.0
            ], 
            [
                0.87904761904761908, 
                0.049523809523809526, 
                0.071428571428571425
            ], 
            [
                0.91803278688524592, 
                0.054644808743169397, 
                0.027322404371584699
            ], 
            [
                0.77837837837837842, 
                0.22162162162162163, 
                0.0
            ], 
            [
                0.95342465753424654, 
                0.012328767123287671, 
                0.034246575342465752
            ], 
            [
                0.61481481481481481, 
                0.014814814814814815, 
                0.37037037037037035
            ], 
            [
                0.87142857142857144, 
                0.028571428571428571, 
                0.10000000000000001
            ], 
            [
                0.33846153846153848, 
                0.0, 
                0.66153846153846152
            ], 
            [
                0.22296173044925124, 
                0.0, 
                0.77703826955074873
            ], 
            [
                0.81318681318681318, 
                0.0, 
                0.18681318681318682
            ], 
            [
                0.86046511627906974, 
                0.0, 
                0.13953488372093023
            ], 
            [
                0.92647058823529416, 
                0.0, 
                0.073529411764705885
            ], 
            [
                0.61111111111111116, 
                0.0, 
                0.3888888888888889
            ], 
            [
                0.0, 
                0.0, 
                1.0
            ], 
            [
                0.11764705882352941, 
                0.0, 
                0.88235294117647056
            ], 
            [
                0.26666666666666666, 
                0.0, 
                0.73333333333333328
            ], 
            [
                0.54761904761904767, 
                0.0, 
                0.45238095238095238
            ], 
            [
                0.18115942028985507, 
                0.0, 
                0.8188405797101449
            ], 
            [
                0.036363636363636362, 
                0.0, 
                0.96363636363636362
            ], 
            [
                0.23999999999999999, 
                0.0, 
                0.76000000000000001
            ], 
            [
                0.019672131147540985, 
                0.0, 
                0.98032786885245904
            ]
        ], 
        "feature": [
            0, 
            8, 
            0, 
            8, 
            2, 
            -2, 
            -2, 
            2, 
            -2, 
            -2, 
            1, 
            6, 
            -2, 
            -2, 
            7, 
            -2, 
            -2, 
            0, 
            0, 
            3, 
            -2, 
            -2, 
            8, 
            -2, 
            -2, 
            7, 
            3, 
            -2, 
            -2, 
            5, 
            -2, 
            -2, 
            0, 
            8, 
            0, 
            6, 
            -2, 
            -2, 
            6, 
            -2, 
            -2, 
            8, 
            0, 
            -2, 
            -2, 
            0, 
            -2, 
            -2, 
            8, 
            0, 
            8, 
            -2, 
            -2, 
            -2, 
            0, 
            8, 
            -2, 
            -2, 
            8, 
            -2, 
            -2
        ], 
        "leftChild": [
            1, 
            2, 
            3, 
            4, 
            5, 
            -1, 
            -1, 
            8, 
            -1, 
            -1, 
            11, 
            12, 
            -1, 
            -1, 
            15, 
            -1, 
            -1, 
            18, 
            19, 
            20, 
            -1, 
            -1, 
            23, 
            -1, 
            -1, 
            26, 
            27, 
            -1, 
            -1, 
            30, 
            -1, 
            -1, 
            33, 
            34, 
            35, 
            36, 
            -1, 
            -1, 
            39, 
            -1, 
            -1, 
            42, 
            43, 
            -1, 
            -1, 
            46, 
            -1, 
            -1, 
            49, 
            50, 
            51, 
            -1, 
            -1, 
            -1, 
            55, 
            56, 
            -1, 
            -1, 
            59, 
            -1, 
            -1
        ], 
        "threshold": [
            3523.751532581721, 
            -0.09103410691022873, 
            3270.698494283404, 
            -0.4052119255065918, 
            0.30028653144836426, 
            -2.0, 
            -2.0, 
            0.2693271338939667, 
            -2.0, 
            -2.0, 
            -0.7261860370635986, 
            -0.49186551570892334, 
            -2.0, 
            -2.0, 
            -1.0003206729888916, 
            -2.0, 
            -2.0, 
            2925.4500461964735, 
            2426.1224585379628, 
            -0.1191127747297287, 
            -2.0, 
            -2.0, 
            0.3257937431335449, 
            -2.0, 
            -2.0, 
            0.5336315035820007, 
            -0.7209001779556274, 
            -2.0, 
            -2.0, 
            -0.5921941995620728, 
            -2.0, 
            -2.0, 
            5970.093961743332, 
            -0.4509918689727783, 
            4283.210502590688, 
            -0.8232320547103882, 
            -2.0, 
            -2.0, 
            -1.0110654830932617, 
            -2.0, 
            -2.0, 
            0.921148419380188, 
            3957.815518124603, 
            -2.0, 
            -2.0, 
            5164.830021564732, 
            -2.0, 
            -2.0, 
            0.42636728286743164, 
            7952.743978443164, 
            0.31565576791763306, 
            -2.0, 
            -2.0, 
            -2.0, 
            6705.203079192148, 
            0.6756591796875, 
            -2.0, 
            -2.0, 
            0.5947679281234741, 
            -2.0, 
            -2.0
        ], 
        "nSamples": [
            3098, 
            1241, 
            912, 
            823, 
            679, 
            655, 
            24, 
            144, 
            141, 
            3, 
            89, 
            6, 
            2, 
            4, 
            83, 
            21, 
            62, 
            329, 
            196, 
            105, 
            102, 
            3, 
            91, 
            53, 
            38, 
            133, 
            113, 
            21, 
            92, 
            20, 
            6, 
            14, 
            1857, 
            1256, 
            206, 
            119, 
            47, 
            72, 
            87, 
            18, 
            69, 
            1050, 
            915, 
            185, 
            730, 
            135, 
            70, 
            65, 
            601, 
            91, 
            86, 
            68, 
            18, 
            5, 
            510, 
            180, 
            42, 
            138, 
            330, 
            25, 
            305
        ]
    }
}