{
  "state": "DONE",
  "preSearchDescription": {
    "gridLength": 1,
    "importantParams": [
      {
        "name": "kernel",
        "vals": [
          "rbf"
        ]
      },
      {
        "name": "C",
        "vals": [
          "1.0"
        ]
      },
      {
        "name": "gamma",
        "vals": [
          "0.0"
        ]
      }
    ]
  },
  "postSearchDescription": {
    "importantParams": [
      {
        "name": "kernel",
        "val": "rbf"
      },
      {
        "name": "C",
        "val": "1.0"
      },
      {
        "name": "gamma",
        "val": "0.0"
      }
    ]
  },
  "modelId": "m1",
  "progress": {
    "top_level_todo": [],
    "stack": [],
    "top_level_done": [
      {
        "name": "Loading train set",
        "time": 32
      },
      {
        "name": "Loading test set",
        "time": 5
      },
      {
        "name": "Collecting statistics",
        "time": 33
      },
      {
        "name": "Preprocessing train set",
        "time": 50
      },
      {
        "name": "Preprocessing test set",
        "time": 62
      },
      {
        "name": "Fitting model",
        "time": 3683
      },
      {
        "name": "Saving model",
        "time": 3
      },
      {
        "name": "Scoring model",
        "time": 1062
      }
    ]
  },
  "startTime": 1535494693623,
  "endTime": 1535494698556,
  "preprocessingTime": 185,
  "trainingTime": 4748
}