{
  "state": "DONE",
  "preSearchDescription": {
    "gridLength": 1,
    "importantParams": [
      {
        "name": "trees",
        "vals": [
          "100"
        ]
      },
      {
        "name": "learning_rate",
        "vals": [
          "0.1"
        ]
      },
      {
        "name": "max_depth",
        "vals": [
          "3"
        ]
      }
    ]
  },
  "postSearchDescription": {
    "importantParams": [
      {
        "name": "trees",
        "val": "100"
      },
      {
        "name": "learning_rate",
        "val": "0.1"
      },
      {
        "name": "max_depth",
        "val": "3"
      }
    ]
  },
  "modelId": "m1",
  "progress": {
    "top_level_todo": [],
    "stack": [],
    "top_level_done": [
      {
        "name": "Loading train set",
        "time": 9
      },
      {
        "name": "Loading test set",
        "time": 10
      },
      {
        "name": "Collecting statistics",
        "time": 102
      },
      {
        "name": "Preprocessing train set",
        "time": 385
      },
      {
        "name": "Preprocessing test set",
        "time": 156
      },
      {
        "name": "Fitting model",
        "time": 2757
      },
      {
        "name": "Saving model",
        "time": 17
      },
      {
        "name": "Scoring model",
        "time": 470
      }
    ]
  },
  "startTime": 1534415517449,
  "endTime": 1534415521380,
  "preprocessingTime": 687,
  "trainingTime": 3244
}