{
    "per_feature": {
        "kwh": {
            "stats": {
                "std": 0.42062983934740966, 
                "p99": 1.9622198899999996, 
                "min": 0.017197999999999998, 
                "max": 3.853024, 
                "average": 0.8319216128364406, 
                "median": 0.7890925
            }, 
            "missing_impute_with_value": 0.8319216128364406
        }, 
        "meterID": {
            "stats": {}
        }
    }, 
    "feature_order": [
        "kwh", 
        "meterID"
    ]
}