{"clusters": [{"facts": [{"std": 0.21958439461297363, "global_mean": 0.8319216128364406, "feature_label": "kwh", "global_std": 0.42062983934740966, "cluster_label": "cluster_0", "diff": 1.4828574588339944, "type": "numerical", "mean": 1.4556557075208918}], "cluster": "cluster_0", "size": 718}, {"facts": [{"std": 0.17371674447842433, "global_mean": 0.8319216128364406, "feature_label": "kwh", "global_std": 0.42062983934740966, "cluster_label": "cluster_1", "diff": -0.8469912860359627, "type": "numerical", "mean": 0.4756518042624777}], "cluster": "cluster_1", "size": 1783}, {"facts": [{"std": 0.12433428030609117, "global_mean": 0.8319216128364406, "feature_label": "kwh", "global_std": 0.42062983934740966, "cluster_label": "cluster_2", "diff": 0.2852628909118124, "type": "numerical", "mean": 0.9519116968124539}], "cluster": "cluster_2", "size": 1349}, {"facts": [{"std": 0.45558608206478696, "global_mean": 0.8319216128364406, "feature_label": "kwh", "global_std": 0.42062983934740966, "cluster_label": "cluster_outliers", "diff": 4.333869122804235, "type": "numerical", "mean": 2.6548762857142854}], "cluster": "cluster_outliers", "size": 14}], "global": {"facts": [{"std": 0.45558608206478696, "global_mean": 0.8319216128364406, "feature_label": "kwh", "global_std": 0.42062983934740966, "cluster_label": "cluster_outliers", "diff": 4.333869122804235, "type": "numerical", "mean": 2.6548762857142854}, {"std": 0.21958439461297363, "global_mean": 0.8319216128364406, "feature_label": "kwh", "global_std": 0.42062983934740966, "cluster_label": "cluster_0", "diff": 1.4828574588339944, "type": "numerical", "mean": 1.4556557075208918}, {"std": 0.17371674447842433, "global_mean": 0.8319216128364406, "feature_label": "kwh", "global_std": 0.42062983934740966, "cluster_label": "cluster_1", "diff": -0.8469912860359627, "type": "numerical", "mean": 0.4756518042624777}, {"std": 0.12433428030609117, "global_mean": 0.8319216128364406, "feature_label": "kwh", "global_std": 0.42062983934740966, "cluster_label": "cluster_2", "diff": 0.2852628909118124, "type": "numerical", "mean": 0.9519116968124539}], "size": 3864}}