{"cluster_labels": ["cluster_0", "cluster_1", "cluster_2", "cluster_outliers"], "proportions": [], "cluster_sizes": [718, 1783, 1349, 14], "levels": [], "num_names": ["kwh"], "cluster_proportions": [[], [], [], []], "num_std_devs": [0.42062983934740966], "cluster_num_averages": [[1.4556557075208918], [0.4756518042624777], [0.9519116968124539], [2.6548762857142854]], "total_size": 3864, "cat_names": [], "num_averages": [0.8319216128364406], "cluster_num_std_devs": [[0.21958439461297363], [0.17371674447842433], [0.12433428030609117], [0.45558608206478696]]}