[
    {
        "variable": "kwh", 
        "global": {
            "max": 3.853024, 
            "max_ratio": 0.064958592132505169, 
            "percentile75": 1.08867, 
            "percentile25": 0.5183445000000001, 
            "total_no_nan": 3864, 
            "total": 3864, 
            "std": 0.42057540649835051, 
            "min": 0.017197999999999998, 
            "percentile91": 1.41897067, 
            "median": 0.7890925, 
            "percentile9": 0.3106017, 
            "distribution": [
                24, 
                41, 
                80, 
                121, 
                150, 
                176, 
                222, 
                193, 
                207, 
                251, 
                237, 
                218, 
                206, 
                228, 
                196, 
                218, 
                162, 
                153, 
                129, 
                125, 
                88, 
                101, 
                78, 
                56, 
                38, 
                37, 
                30, 
                28, 
                14, 
                14, 
                7, 
                10, 
                3, 
                6, 
                3, 
                1, 
                2, 
                4, 
                1, 
                1, 
                1, 
                0, 
                1, 
                0, 
                0, 
                1, 
                0, 
                0, 
                0, 
                0, 
                0, 
                0, 
                1, 
                0, 
                0, 
                0, 
                0, 
                0, 
                0, 
                1
            ]
        }, 
        "scale": {
            "max": 3.853024, 
            "max_ratio": 0.2857142857142857, 
            "min": 0.017197999999999998
        }, 
        "type": "numerical", 
        "per_cluster": [
            {
                "max": 2.2416259999999997, 
                "max_ratio": 0.17409470752089137, 
                "percentile75": 1.56346575, 
                "percentile25": 1.28293725, 
                "total_no_nan": 718, 
                "total": 718, 
                "std": 0.21943142740902916, 
                "min": 1.1904700000000001, 
                "percentile91": 1.7848983399999998, 
                "median": 1.3996715000000002, 
                "cluster_name": "cluster_0", 
                "percentile9": 1.21991111, 
                "distribution": [
                    0, 
                    0, 
                    0, 
                    0, 
                    0, 
                    0, 
                    0, 
                    0, 
                    0, 
                    0, 
                    0, 
                    0, 
                    0, 
                    0, 
                    0, 
                    0, 
                    0, 
                    0, 
                    80, 
                    125, 
                    88, 
                    101, 
                    78, 
                    56, 
                    38, 
                    37, 
                    30, 
                    28, 
                    14, 
                    14, 
                    7, 
                    10, 
                    3, 
                    6, 
                    3, 
                    0, 
                    0, 
                    0, 
                    0, 
                    0, 
                    0, 
                    0, 
                    0, 
                    0, 
                    0, 
                    0, 
                    0, 
                    0, 
                    0, 
                    0, 
                    0, 
                    0, 
                    0, 
                    0, 
                    0, 
                    0, 
                    0, 
                    0, 
                    0, 
                    0
                ]
            }, 
            {
                "max": 0.74332500000000001, 
                "max_ratio": 0.14077397644419518, 
                "percentile75": 0.6247714999999999, 
                "percentile25": 0.34868299999999997, 
                "total_no_nan": 1783, 
                "total": 1783, 
                "std": 0.17366802291121222, 
                "min": 0.017197999999999998, 
                "percentile91": 0.69706974, 
                "median": 0.48666400000000004, 
                "cluster_name": "cluster_1", 
                "percentile9": 0.21695404, 
                "distribution": [
                    24, 
                    41, 
                    80, 
                    121, 
                    150, 
                    176, 
                    222, 
                    193, 
                    207, 
                    251, 
                    237, 
                    81, 
                    0, 
                    0, 
                    0, 
                    0, 
                    0, 
                    0, 
                    0, 
                    0, 
                    0, 
                    0, 
                    0, 
                    0, 
                    0, 
                    0, 
                    0, 
                    0, 
                    0, 
                    0, 
                    0, 
                    0, 
                    0, 
                    0, 
                    0, 
                    0, 
                    0, 
                    0, 
                    0, 
                    0, 
                    0, 
                    0, 
                    0, 
                    0, 
                    0, 
                    0, 
                    0, 
                    0, 
                    0, 
                    0, 
                    0, 
                    0, 
                    0, 
                    0, 
                    0, 
                    0, 
                    0, 
                    0, 
                    0, 
                    0
                ]
            }, 
            {
                "max": 1.190123, 
                "max_ratio": 0.16901408450704225, 
                "percentile75": 1.051105, 
                "percentile25": 0.8468549999999999, 
                "total_no_nan": 1349, 
                "total": 1349, 
                "std": 0.12428818789290179, 
                "min": 0.74395600000000006, 
                "percentile91": 1.13800064, 
                "median": 0.945946, 
                "cluster_name": "cluster_2", 
                "percentile9": 0.78122784, 
                "distribution": [
                    0, 
                    0, 
                    0, 
                    0, 
                    0, 
                    0, 
                    0, 
                    0, 
                    0, 
                    0, 
                    0, 
                    137, 
                    206, 
                    228, 
                    196, 
                    218, 
                    162, 
                    153, 
                    49, 
                    0, 
                    0, 
                    0, 
                    0, 
                    0, 
                    0, 
                    0, 
                    0, 
                    0, 
                    0, 
                    0, 
                    0, 
                    0, 
                    0, 
                    0, 
                    0, 
                    0, 
                    0, 
                    0, 
                    0, 
                    0, 
                    0, 
                    0, 
                    0, 
                    0, 
                    0, 
                    0, 
                    0, 
                    0, 
                    0, 
                    0, 
                    0, 
                    0, 
                    0, 
                    0, 
                    0, 
                    0, 
                    0, 
                    0, 
                    0, 
                    0
                ]
            }, 
            {
                "max": 3.853024, 
                "max_ratio": 0.2857142857142857, 
                "percentile75": 2.7009505, 
                "percentile25": 2.39368925, 
                "total_no_nan": 14, 
                "total": 14, 
                "std": 0.43901373361408125, 
                "min": 2.2817590000000001, 
                "percentile91": 3.32348715, 
                "median": 2.458015, 
                "cluster_name": "cluster_outliers", 
                "percentile9": 2.33252448, 
                "distribution": [
                    0, 
                    0, 
                    0, 
                    0, 
                    0, 
                    0, 
                    0, 
                    0, 
                    0, 
                    0, 
                    0, 
                    0, 
                    0, 
                    0, 
                    0, 
                    0, 
                    0, 
                    0, 
                    0, 
                    0, 
                    0, 
                    0, 
                    0, 
                    0, 
                    0, 
                    0, 
                    0, 
                    0, 
                    0, 
                    0, 
                    0, 
                    0, 
                    0, 
                    0, 
                    0, 
                    1, 
                    2, 
                    4, 
                    1, 
                    1, 
                    1, 
                    0, 
                    1, 
                    0, 
                    0, 
                    1, 
                    0, 
                    0, 
                    0, 
                    0, 
                    0, 
                    0, 
                    1, 
                    0, 
                    0, 
                    0, 
                    0, 
                    0, 
                    0, 
                    1
                ]
            }
        ]
    }
]