{
    "metrics": {
        "nbClusters": 3, 
        "silhouette": 0.54541852981326233
    }, 
    "reduce_vars": [], 
    "train_nb_features": 1, 
    "train_nb_records": 3850, 
    "summary": {
        "clusters": []
    }, 
    "variables_importance": {
        "variables": [
            "kwh"
        ], 
        "importances": [
            1.0
        ]
    }, 
    "processed_feature_names": [
        "kwh"
    ], 
    "train_nb_outliers": 14, 
    "cluster_description": [
        {
            "variable": "kwh", 
            "var": 0.88, 
            "values": [
                {
                    "cluster": "cluster_0", 
                    "value": 1.4556557075208918
                }, 
                {
                    "cluster": "cluster_1", 
                    "value": 0.47565180426247772
                }, 
                {
                    "cluster": "cluster_2", 
                    "value": 0.95191169681245391
                }, 
                {
                    "cluster": "cluster_outliers", 
                    "value": 2.6548762857142854
                }
            ]
        }, 
        {
            "variable": "cluster_size", 
            "var": 593995.33, 
            "values": [
                {
                    "cluster": "cluster_1", 
                    "value": 1783
                }, 
                {
                    "cluster": "cluster_2", 
                    "value": 1349
                }, 
                {
                    "cluster": "cluster_0", 
                    "value": 718
                }, 
                {
                    "cluster": "cluster_outliers", 
                    "value": 14
                }
            ]
        }
    ]
}