{
    "trainingTime": 1480, 
    "state": "DONE", 
    "startTime": 1534361050488, 
    "preprocessingTime": 520, 
    "progress": {
        "top_level_todo": [], 
        "stack": [], 
        "top_level_done": [
            {
                "name": "Loading source dataset", 
                "time": 3
            }, 
            {
                "name": "Collecting statistics", 
                "time": 2
            }, 
            {
                "name": "Preprocessing data", 
                "time": 515
            }, 
            {
                "name": "Fitting model", 
                "time": 148
            }, 
            {
                "name": "Saving model", 
                "time": 1
            }, 
            {
                "name": "Scoring model", 
                "time": 1331
            }
        ]
    }, 
    "endTime": 1534361052488, 
    "modelId": "m1"
}