{
  "state": "DONE",
  "preSearchDescription": {
    "gridLength": 1,
    "importantParams": [
      {
        "name": "trees",
        "vals": [
          "100"
        ]
      },
      {
        "name": "learning_rate",
        "vals": [
          "0.1"
        ]
      },
      {
        "name": "max_depth",
        "vals": [
          "3"
        ]
      }
    ]
  },
  "postSearchDescription": {
    "importantParams": [
      {
        "name": "trees",
        "val": "100"
      },
      {
        "name": "learning_rate",
        "val": "0.1"
      },
      {
        "name": "max_depth",
        "val": "3"
      }
    ]
  },
  "modelId": "m1",
  "progress": {
    "top_level_todo": [],
    "stack": [],
    "top_level_done": [
      {
        "name": "Loading train set",
        "time": 9
      },
      {
        "name": "Loading test set",
        "time": 5
      },
      {
        "name": "Collecting statistics",
        "time": 121
      },
      {
        "name": "Preprocessing train set",
        "time": 188
      },
      {
        "name": "Preprocessing test set",
        "time": 69
      },
      {
        "name": "Fitting model",
        "time": 2313
      },
      {
        "name": "Saving model",
        "time": 18
      },
      {
        "name": "Scoring model",
        "time": 272
      }
    ]
  },
  "startTime": 1534415147026,
  "endTime": 1534415150025,
  "preprocessingTime": 395,
  "trainingTime": 2604
}