{
    "rawImportance": {
        "variables": [
            "TEC", 
            "pw_linear:LF-WDay.AM.Slope", 
            "pw_linear:LF-WDay.Centroid", 
            "pw_linear:LF-ToUmax", 
            "pw_linear:LF+WEnd.AM.Slope", 
            "pw_linear:WDay.Centroid+MORNPEAK", 
            "pw_linear:WDay.Centroid+TEC", 
            "pw_linear:WDay.Centroid+WEnd.AM.Slope", 
            "pw_linear:MORNPEAK-TEC", 
            "pw_linear:TEC+WEnd.Centroid", 
            "pw_linear:ToUmax+max", 
            "pw_linear:ToUmax-WEnd.AM.Slope", 
            "poly_int:WDay.Centroid", 
            "poly_int:WDay.AM.Slope * TEC", 
            "poly_int:WDay.Centroid * MORNPEAK", 
            "poly_int:WDay.Centroid * ToUmax", 
            "poly_int:TEC * WEnd.AM.Slope", 
            "poly_int:WEnd.Centroid * WEnd.AM.Slope"
        ], 
        "importances": [
            0.52762223784774054, 
            0.004281118306769062, 
            0.0093720799011388582, 
            0.0053395310399569048, 
            0.002152415320163754, 
            0.0052600024074354775, 
            0.12288426219533594, 
            0.00088917686236102513, 
            0.0018913103197702775, 
            0.0036345733130699028, 
            0.00064187074766636025, 
            0.0029560512331133623, 
            0.24953116605624348, 
            0.003840838227945286, 
            0.007429217155382817, 
            0.047581378745260236, 
            0.0019941615461479033, 
            0.0026986087744989124
        ]
    }, 
    "probaAware": true, 
    "modelInputNRows": 3098, 
    "modelInputNCols": 140, 
    "modelInputMemory": 3469760, 
    "modelInputIsSparse": false
}