{
  "state": "DONE",
  "preSearchDescription": {
    "gridLength": 1,
    "importantParams": [
      {
        "name": "max_depth",
        "vals": [
          "5"
        ]
      },
      {
        "name": "min_samples",
        "vals": [
          "1"
        ]
      },
      {
        "name": "criterion",
        "vals": [
          "gini"
        ]
      }
    ]
  },
  "postSearchDescription": {
    "importantParams": [
      {
        "name": "criterion",
        "val": "gini"
      },
      {
        "name": "max_depth",
        "val": "5"
      },
      {
        "name": "min_samples",
        "val": "1"
      }
    ]
  },
  "modelId": "m1",
  "progress": {
    "top_level_todo": [],
    "stack": [],
    "top_level_done": [
      {
        "name": "Loading train set",
        "time": 39
      },
      {
        "name": "Loading test set",
        "time": 8
      },
      {
        "name": "Collecting statistics",
        "time": 144
      },
      {
        "name": "Preprocessing train set",
        "time": 655
      },
      {
        "name": "Preprocessing test set",
        "time": 211
      },
      {
        "name": "Fitting model",
        "time": 635
      },
      {
        "name": "Saving model",
        "time": 1
      },
      {
        "name": "Scoring model",
        "time": 383
      }
    ]
  },
  "startTime": 1534415698668,
  "endTime": 1534415700748,
  "preprocessingTime": 1060,
  "trainingTime": 1020
}