{
  "state": "DONE",
  "preSearchDescription": {
    "gridLength": 1,
    "importantParams": [
      {
        "name": "trees",
        "vals": [
          "100"
        ]
      },
      {
        "name": "learning_rate",
        "vals": [
          "0.1"
        ]
      },
      {
        "name": "max_depth",
        "vals": [
          "3"
        ]
      }
    ]
  },
  "postSearchDescription": {
    "importantParams": [
      {
        "name": "trees",
        "val": "100"
      },
      {
        "name": "learning_rate",
        "val": "0.1"
      },
      {
        "name": "max_depth",
        "val": "3"
      }
    ]
  },
  "modelId": "m1",
  "progress": {
    "top_level_todo": [],
    "stack": [],
    "top_level_done": [
      {
        "name": "Loading train set",
        "time": 30
      },
      {
        "name": "Loading test set",
        "time": 7
      },
      {
        "name": "Collecting statistics",
        "time": 124
      },
      {
        "name": "Preprocessing train set",
        "time": 686
      },
      {
        "name": "Preprocessing test set",
        "time": 202
      },
      {
        "name": "Fitting model",
        "time": 16271
      },
      {
        "name": "Saving model",
        "time": 18
      },
      {
        "name": "Scoring model",
        "time": 2198
      }
    ]
  },
  "startTime": 1534415698653,
  "endTime": 1534415718203,
  "preprocessingTime": 1062,
  "trainingTime": 18488
}