{
    "rawImportance": {
        "variables": [
            "max", 
            "WDay.AM.Slope", 
            "MORNPEAK", 
            "TEC", 
            "dummy:Class:K"
        ], 
        "importances": [
            0.016932207749767749, 
            0.0046827176044539438, 
            0.011744366286875134, 
            0.96488240442155548, 
            0.0017583039373477219
        ]
    }, 
    "probaAware": true, 
    "modelInputNRows": 3098, 
    "modelInputNCols": 5, 
    "modelInputMemory": 123920, 
    "modelInputIsSparse": false
}