{
    "featureNames": [
        "max", 
        "WDay.AM.Slope", 
        "MORNPEAK", 
        "TEC", 
        "dummy:Class:K"
    ], 
    "tree": {
        "rightChild": [
            32, 
            17, 
            10, 
            7, 
            6, 
            -1, 
            -1, 
            9, 
            -1, 
            -1, 
            14, 
            13, 
            -1, 
            -1, 
            16, 
            -1, 
            -1, 
            25, 
            22, 
            21, 
            -1, 
            -1, 
            24, 
            -1, 
            -1, 
            29, 
            28, 
            -1, 
            -1, 
            31, 
            -1, 
            -1, 
            48, 
            41, 
            38, 
            37, 
            -1, 
            -1, 
            40, 
            -1, 
            -1, 
            45, 
            44, 
            -1, 
            -1, 
            47, 
            -1, 
            -1, 
            56, 
            53, 
            52, 
            -1, 
            -1, 
            55, 
            -1, 
            -1, 
            60, 
            59, 
            -1, 
            -1, 
            62, 
            -1, 
            -1
        ], 
        "impurity": [
            0.6290342881410819, 
            0.18500845085420836, 
            0.06852049902611812, 
            0.006410190134510607, 
            0.003273313625369534, 
            0.0, 
            0.09070294784580502, 
            0.1527777777777778, 
            0.0, 
            0.0, 
            0.1815616080807223, 
            0.1321689137465044, 
            0.05791935843172202, 
            0.2076124567474048, 
            0.3655692729766804, 
            0.1171875, 
            0.43213296398891965, 
            0.42354947403024323, 
            0.34712802768166084, 
            0.375, 
            0.0, 
            0.5, 
            0.33277689069531136, 
            0.4189576657109124, 
            0.23330387577326095, 
            0.48055941281491765, 
            0.4844290657439446, 
            0.4578563995837669, 
            0.0, 
            0.4504458161865569, 
            0.25711662075298436, 
            0.4892444444444445, 
            0.5205412636231534, 
            0.3194031705140168, 
            0.4738775510204082, 
            0.43388429752066116, 
            0.2906574394463668, 
            0.31999999999999995, 
            0.46106003244997296, 
            0.4331714649092381, 
            0.4984567901234568, 
            0.23457026001074976, 
            0.18827509308303414, 
            0.18100603609372146, 
            0.4444444444444444, 
            0.3973804057360081, 
            0.0, 
            0.384296875, 
            0.3464995944086533, 
            0.490161954095944, 
            0.2975206611570248, 
            0.4444444444444444, 
            0.18836565096952906, 
            0.47443246382667104, 
            0.46068139189832313, 
            0.18000000000000005, 
            0.184196675900277, 
            0.2870682624699685, 
            0.27138321995464854, 
            0.0, 
            0.023665244361576243, 
            0.1527777777777778, 
            0.0
        ], 
        "probas": [
            [
                0.41413815364751455, 
                0.41091026468689479, 
                0.17495158166559072
            ], 
            [
                0.10314262691377921, 
                0.89685737308622082, 
                0.0
            ], 
            [
                0.035522066738428421, 
                0.96447793326157161, 
                0.0
            ], 
            [
                0.0032154340836012861, 
                0.99678456591639875, 
                0.0
            ], 
            [
                0.001639344262295082, 
                0.99836065573770494, 
                0.0
            ], 
            [
                0.0, 
                1.0, 
                0.0
            ], 
            [
                0.047619047619047616, 
                0.95238095238095233, 
                0.0
            ], 
            [
                0.083333333333333329, 
                0.91666666666666663, 
                0.0
            ], 
            [
                0.0, 
                1.0, 
                0.0
            ], 
            [
                1.0, 
                0.0, 
                0.0
            ], 
            [
                0.10097719869706841, 
                0.89902280130293155, 
                0.0
            ], 
            [
                0.071146245059288543, 
                0.92885375494071143, 
                0.0
            ], 
            [
                0.029850746268656716, 
                0.97014925373134331, 
                0.0
            ], 
            [
                0.11764705882352941, 
                0.88235294117647056, 
                0.0
            ], 
            [
                0.24074074074074073, 
                0.7592592592592593, 
                0.0
            ], 
            [
                0.0625, 
                0.9375, 
                0.0
            ], 
            [
                0.31578947368421051, 
                0.68421052631578949, 
                0.0
            ], 
            [
                0.30448717948717946, 
                0.69551282051282048, 
                0.0
            ], 
            [
                0.22352941176470589, 
                0.77647058823529413, 
                0.0
            ], 
            [
                0.75, 
                0.25, 
                0.0
            ], 
            [
                1.0, 
                0.0, 
                0.0
            ], 
            [
                0.5, 
                0.5, 
                0.0
            ], 
            [
                0.21084337349397592, 
                0.78915662650602414, 
                0.0
            ], 
            [
                0.29870129870129869, 
                0.70129870129870131, 
                0.0
            ], 
            [
                0.1348314606741573, 
                0.8651685393258427, 
                0.0
            ], 
            [
                0.40140845070422537, 
                0.59859154929577463, 
                0.0
            ], 
            [
                0.58823529411764708, 
                0.41176470588235292, 
                0.0
            ], 
            [
                0.64516129032258063, 
                0.35483870967741937, 
                0.0
            ], 
            [
                0.0, 
                1.0, 
                0.0
            ], 
            [
                0.34259259259259262, 
                0.65740740740740744, 
                0.0
            ], 
            [
                0.15151515151515152, 
                0.84848484848484851, 
                0.0
            ], 
            [
                0.42666666666666669, 
                0.57333333333333336, 
                0.0
            ], 
            [
                0.62197092084006467, 
                0.08616047388260635, 
                0.29186860527732905
            ], 
            [
                0.81289808917197448, 
                0.12738853503184713, 
                0.059713375796178345
            ], 
            [
                0.61428571428571432, 
                0.38571428571428573, 
                0.0
            ], 
            [
                0.31818181818181818, 
                0.68181818181818177, 
                0.0
            ], 
            [
                0.17647058823529413, 
                0.82352941176470584, 
                0.0
            ], 
            [
                0.80000000000000004, 
                0.20000000000000001, 
                0.0
            ], 
            [
                0.63953488372093026, 
                0.36046511627906974, 
                0.0
            ], 
            [
                0.68279569892473113, 
                0.31720430107526881, 
                0.0
            ], 
            [
                0.52777777777777779, 
                0.47222222222222221, 
                0.0
            ], 
            [
                0.86987704918032782, 
                0.053278688524590161, 
                0.076844262295081969
            ], 
            [
                0.89790897908979095, 
                0.06273062730627306, 
                0.039360393603936041
            ], 
            [
                0.90210656753407681, 
                0.063197026022304828, 
                0.034696406443618343
            ], 
            [
                0.33333333333333331, 
                0.0, 
                0.66666666666666663
            ], 
            [
                0.73006134969325154, 
                0.0061349693251533744, 
                0.26380368098159507
            ], 
            [
                0.0, 
                0.0, 
                1.0
            ], 
            [
                0.74375000000000002, 
                0.0062500000000000003, 
                0.25
            ], 
            [
                0.22296173044925124, 
                0.0, 
                0.77703826955074873
            ], 
            [
                0.42986425339366519, 
                0.0, 
                0.57013574660633481
            ], 
            [
                0.81818181818181823, 
                0.0, 
                0.18181818181818182
            ], 
            [
                0.33333333333333331, 
                0.0, 
                0.66666666666666663
            ], 
            [
                0.89473684210526316, 
                0.0, 
                0.10526315789473684
            ], 
            [
                0.38693467336683418, 
                0.0, 
                0.61306532663316582
            ], 
            [
                0.35978835978835977, 
                0.0, 
                0.64021164021164023
            ], 
            [
                0.90000000000000002, 
                0.0, 
                0.10000000000000001
            ], 
            [
                0.10263157894736842, 
                0.0, 
                0.89736842105263159
            ], 
            [
                0.17370892018779344, 
                0.0, 
                0.82629107981220662
            ], 
            [
                0.16190476190476191, 
                0.0, 
                0.83809523809523812
            ], 
            [
                1.0, 
                0.0, 
                0.0
            ], 
            [
                0.011976047904191617, 
                0.0, 
                0.9880239520958084
            ], 
            [
                0.083333333333333329, 
                0.0, 
                0.91666666666666663
            ], 
            [
                0.0, 
                0.0, 
                1.0
            ]
        ], 
        "feature": [
            3, 
            3, 
            3, 
            0, 
            3, 
            -2, 
            -2, 
            2, 
            -2, 
            -2, 
            1, 
            0, 
            -2, 
            -2, 
            0, 
            -2, 
            -2, 
            3, 
            3, 
            1, 
            -2, 
            -2, 
            2, 
            -2, 
            -2, 
            2, 
            4, 
            -2, 
            -2, 
            0, 
            -2, 
            -2, 
            3, 
            3, 
            0, 
            1, 
            -2, 
            -2, 
            2, 
            -2, 
            -2, 
            3, 
            0, 
            -2, 
            -2, 
            3, 
            -2, 
            -2, 
            3, 
            0, 
            3, 
            -2, 
            -2, 
            2, 
            -2, 
            -2, 
            3, 
            3, 
            -2, 
            -2, 
            3, 
            -2, 
            -2
        ], 
        "leftChild": [
            1, 
            2, 
            3, 
            4, 
            5, 
            -1, 
            -1, 
            8, 
            -1, 
            -1, 
            11, 
            12, 
            -1, 
            -1, 
            15, 
            -1, 
            -1, 
            18, 
            19, 
            20, 
            -1, 
            -1, 
            23, 
            -1, 
            -1, 
            26, 
            27, 
            -1, 
            -1, 
            30, 
            -1, 
            -1, 
            33, 
            34, 
            35, 
            36, 
            -1, 
            -1, 
            39, 
            -1, 
            -1, 
            42, 
            43, 
            -1, 
            -1, 
            46, 
            -1, 
            -1, 
            49, 
            50, 
            51, 
            -1, 
            -1, 
            54, 
            -1, 
            -1, 
            57, 
            58, 
            -1, 
            -1, 
            61, 
            -1, 
            -1
        ], 
        "threshold": [
            3523.751532581721, 
            2995.8285830392797, 
            2463.686954956403, 
            7.807999954193176, 
            2427.3885489643217, 
            -2.0, 
            -2.0, 
            0.5394105412826518, 
            -2.0, 
            -2.0, 
            0.23959344981950334, 
            4.697500005684034, 
            -2.0, 
            -2.0, 
            4.42000003603463, 
            -2.0, 
            -2.0, 
            3295.48700390623, 
            3000.557008427012, 
            0.21098259993441623, 
            -2.0, 
            -2.0, 
            0.6309431020235042, 
            -2.0, 
            -2.0, 
            0.5311951561405138, 
            0.5, 
            -2.0, 
            -2.0, 
            4.726500027645431, 
            -2.0, 
            -2.0, 
            5970.093961743332, 
            3975.2469919607097, 
            3.9110000246829437, 
            0.15278044993562756, 
            -2.0, 
            -2.0, 
            1.070247965472571, 
            -2.0, 
            -2.0, 
            5494.34107032783, 
            10.301499920562641, 
            -2.0, 
            -2.0, 
            5503.79597364638, 
            -2.0, 
            -2.0, 
            6655.474036591131, 
            5.342999995017666, 
            6045.995973259102, 
            -2.0, 
            -2.0, 
            2.4548739161750275, 
            -2.0, 
            -2.0, 
            7691.540346094597, 
            7670.767796919042, 
            -2.0, 
            -2.0, 
            7894.54471542585, 
            -2.0, 
            -2.0
        ], 
        "nSamples": [
            3098, 
            1241, 
            929, 
            622, 
            610, 
            589, 
            21, 
            12, 
            11, 
            1, 
            307, 
            253, 
            134, 
            119, 
            54, 
            16, 
            38, 
            312, 
            170, 
            4, 
            2, 
            2, 
            166, 
            77, 
            89, 
            142, 
            34, 
            31, 
            3, 
            108, 
            33, 
            75, 
            1857, 
            1256, 
            280, 
            22, 
            17, 
            5, 
            258, 
            186, 
            72, 
            976, 
            813, 
            807, 
            6, 
            163, 
            3, 
            160, 
            601, 
            221, 
            22, 
            3, 
            19, 
            199, 
            189, 
            10, 
            380, 
            213, 
            210, 
            3, 
            167, 
            24, 
            143
        ]
    }
}