{"clusters": [{"facts": [{"std": 0.22278355711111644, "global_mean": 0.8319216128364406, "feature_label": "kwh", "global_std": 0.42062983934740966, "cluster_label": "cluster_0", "diff": 1.4433316584131437, "type": "numerical", "mean": 1.4390299764397916}], "cluster": "cluster_0", "size": 764}, {"facts": [{"std": 0.14188763531418835, "global_mean": 0.8319216128364406, "feature_label": "kwh", "global_std": 0.42062983934740966, "cluster_label": "cluster_1", "diff": 0.16410688115896668, "type": "numerical", "mean": 0.9009498638941412}], "cluster": "cluster_1", "size": 1587}, {"facts": [{"std": 0.15506377048427097, "global_mean": 0.8319216128364406, "feature_label": "kwh", "global_std": 0.42062983934740966, "cluster_label": "cluster_2", "diff": -0.9498446798840497, "type": "numerical", "mean": 0.43238859773182103}], "cluster": "cluster_2", "size": 1499}, {"facts": [{"std": 0.45558608206478696, "global_mean": 0.8319216128364406, "feature_label": "kwh", "global_std": 0.42062983934740966, "cluster_label": "cluster_outliers", "diff": 4.333869122804235, "type": "numerical", "mean": 2.6548762857142854}], "cluster": "cluster_outliers", "size": 14}], "global": {"facts": [{"std": 0.45558608206478696, "global_mean": 0.8319216128364406, "feature_label": "kwh", "global_std": 0.42062983934740966, "cluster_label": "cluster_outliers", "diff": 4.333869122804235, "type": "numerical", "mean": 2.6548762857142854}, {"std": 0.22278355711111644, "global_mean": 0.8319216128364406, "feature_label": "kwh", "global_std": 0.42062983934740966, "cluster_label": "cluster_0", "diff": 1.4433316584131437, "type": "numerical", "mean": 1.4390299764397916}, {"std": 0.15506377048427097, "global_mean": 0.8319216128364406, "feature_label": "kwh", "global_std": 0.42062983934740966, "cluster_label": "cluster_2", "diff": -0.9498446798840497, "type": "numerical", "mean": 0.43238859773182103}, {"std": 0.14188763531418835, "global_mean": 0.8319216128364406, "feature_label": "kwh", "global_std": 0.42062983934740966, "cluster_label": "cluster_1", "diff": 0.16410688115896668, "type": "numerical", "mean": 0.9009498638941412}], "size": 3864}}