{"cluster_labels": ["cluster_0", "cluster_1", "cluster_2", "cluster_outliers"], "proportions": [], "cluster_sizes": [764, 1587, 1499, 14], "levels": [], "num_names": ["kwh"], "cluster_proportions": [[], [], [], []], "num_std_devs": [0.42062983934740966], "cluster_num_averages": [[1.4390299764397916], [0.9009498638941412], [0.43238859773182103], [2.6548762857142854]], "total_size": 3864, "cat_names": [], "num_averages": [0.8319216128364406], "cluster_num_std_devs": [[0.22278355711111644], [0.14188763531418835], [0.15506377048427097], [0.45558608206478696]]}