[
    {
        "variable": "kwh", 
        "global": {
            "max": 3.853024, 
            "max_ratio": 0.064958592132505169, 
            "percentile75": 1.08867, 
            "percentile25": 0.5183445000000001, 
            "total_no_nan": 3864, 
            "total": 3864, 
            "std": 0.42057540649835051, 
            "min": 0.017197999999999998, 
            "percentile91": 1.41897067, 
            "median": 0.7890925, 
            "percentile9": 0.3106017, 
            "distribution": [
                24, 
                41, 
                80, 
                121, 
                150, 
                176, 
                222, 
                193, 
                207, 
                251, 
                237, 
                218, 
                206, 
                228, 
                196, 
                218, 
                162, 
                153, 
                129, 
                125, 
                88, 
                101, 
                78, 
                56, 
                38, 
                37, 
                30, 
                28, 
                14, 
                14, 
                7, 
                10, 
                3, 
                6, 
                3, 
                1, 
                2, 
                4, 
                1, 
                1, 
                1, 
                0, 
                1, 
                0, 
                0, 
                1, 
                0, 
                0, 
                0, 
                0, 
                0, 
                0, 
                1, 
                0, 
                0, 
                0, 
                0, 
                0, 
                0, 
                1
            ]
        }, 
        "scale": {
            "max": 3.853024, 
            "max_ratio": 0.2857142857142857, 
            "min": 0.017197999999999998
        }, 
        "type": "numerical", 
        "per_cluster": [
            {
                "max": 2.2416259999999997, 
                "max_ratio": 0.16492146596858639, 
                "percentile75": 1.5498129999999999, 
                "percentile25": 1.26663525, 
                "total_no_nan": 764, 
                "total": 764, 
                "std": 0.22263770861292353, 
                "min": 1.1690320000000001, 
                "percentile91": 1.77692049, 
                "median": 1.384396, 
                "cluster_name": "cluster_0", 
                "percentile9": 1.19964027, 
                "distribution": [
                    0, 
                    0, 
                    0, 
                    0, 
                    0, 
                    0, 
                    0, 
                    0, 
                    0, 
                    0, 
                    0, 
                    0, 
                    0, 
                    0, 
                    0, 
                    0, 
                    0, 
                    0, 
                    126, 
                    125, 
                    88, 
                    101, 
                    78, 
                    56, 
                    38, 
                    37, 
                    30, 
                    28, 
                    14, 
                    14, 
                    7, 
                    10, 
                    3, 
                    6, 
                    3, 
                    0, 
                    0, 
                    0, 
                    0, 
                    0, 
                    0, 
                    0, 
                    0, 
                    0, 
                    0, 
                    0, 
                    0, 
                    0, 
                    0, 
                    0, 
                    0, 
                    0, 
                    0, 
                    0, 
                    0, 
                    0, 
                    0, 
                    0, 
                    0, 
                    0
                ]
            }, 
            {
                "max": 1.1686479999999999, 
                "max_ratio": 0.14366729678638943, 
                "percentile75": 1.0157245000000001, 
                "percentile25": 0.7783990000000001, 
                "total_no_nan": 1587, 
                "total": 1587, 
                "std": 0.14184292517117994, 
                "min": 0.66620299999999999, 
                "percentile91": 1.1100632199999998, 
                "median": 0.896134, 
                "cluster_name": "cluster_1", 
                "percentile9": 0.70453926, 
                "distribution": [
                    0, 
                    0, 
                    0, 
                    0, 
                    0, 
                    0, 
                    0, 
                    0, 
                    0, 
                    0, 
                    203, 
                    218, 
                    206, 
                    228, 
                    196, 
                    218, 
                    162, 
                    153, 
                    3, 
                    0, 
                    0, 
                    0, 
                    0, 
                    0, 
                    0, 
                    0, 
                    0, 
                    0, 
                    0, 
                    0, 
                    0, 
                    0, 
                    0, 
                    0, 
                    0, 
                    0, 
                    0, 
                    0, 
                    0, 
                    0, 
                    0, 
                    0, 
                    0, 
                    0, 
                    0, 
                    0, 
                    0, 
                    0, 
                    0, 
                    0, 
                    0, 
                    0, 
                    0, 
                    0, 
                    0, 
                    0, 
                    0, 
                    0, 
                    0, 
                    0
                ]
            }, 
            {
                "max": 0.66483000000000003, 
                "max_ratio": 0.16744496330887257, 
                "percentile75": 0.5661649999999999, 
                "percentile25": 0.3207945, 
                "total_no_nan": 1499, 
                "total": 1499, 
                "std": 0.15501203945014277, 
                "min": 0.017197999999999998, 
                "percentile91": 0.63072616, 
                "median": 0.446722, 
                "cluster_name": "cluster_2", 
                "percentile9": 0.20441568, 
                "distribution": [
                    24, 
                    41, 
                    80, 
                    121, 
                    150, 
                    176, 
                    222, 
                    193, 
                    207, 
                    251, 
                    34, 
                    0, 
                    0, 
                    0, 
                    0, 
                    0, 
                    0, 
                    0, 
                    0, 
                    0, 
                    0, 
                    0, 
                    0, 
                    0, 
                    0, 
                    0, 
                    0, 
                    0, 
                    0, 
                    0, 
                    0, 
                    0, 
                    0, 
                    0, 
                    0, 
                    0, 
                    0, 
                    0, 
                    0, 
                    0, 
                    0, 
                    0, 
                    0, 
                    0, 
                    0, 
                    0, 
                    0, 
                    0, 
                    0, 
                    0, 
                    0, 
                    0, 
                    0, 
                    0, 
                    0, 
                    0, 
                    0, 
                    0, 
                    0, 
                    0
                ]
            }, 
            {
                "max": 3.853024, 
                "max_ratio": 0.2857142857142857, 
                "percentile75": 2.7009505, 
                "percentile25": 2.39368925, 
                "total_no_nan": 14, 
                "total": 14, 
                "std": 0.43901373361408125, 
                "min": 2.2817590000000001, 
                "percentile91": 3.32348715, 
                "median": 2.458015, 
                "cluster_name": "cluster_outliers", 
                "percentile9": 2.33252448, 
                "distribution": [
                    0, 
                    0, 
                    0, 
                    0, 
                    0, 
                    0, 
                    0, 
                    0, 
                    0, 
                    0, 
                    0, 
                    0, 
                    0, 
                    0, 
                    0, 
                    0, 
                    0, 
                    0, 
                    0, 
                    0, 
                    0, 
                    0, 
                    0, 
                    0, 
                    0, 
                    0, 
                    0, 
                    0, 
                    0, 
                    0, 
                    0, 
                    0, 
                    0, 
                    0, 
                    0, 
                    1, 
                    2, 
                    4, 
                    1, 
                    1, 
                    1, 
                    0, 
                    1, 
                    0, 
                    0, 
                    1, 
                    0, 
                    0, 
                    0, 
                    0, 
                    0, 
                    0, 
                    1, 
                    0, 
                    0, 
                    0, 
                    0, 
                    0, 
                    0, 
                    1
                ]
            }
        ]
    }
]