{
    "trainingTime": 1475, 
    "state": "DONE", 
    "startTime": 1534361048274, 
    "preprocessingTime": 703, 
    "progress": {
        "top_level_todo": [], 
        "stack": [], 
        "top_level_done": [
            {
                "name": "Loading source dataset", 
                "time": 3
            }, 
            {
                "name": "Collecting statistics", 
                "time": 5
            }, 
            {
                "name": "Preprocessing data", 
                "time": 693
            }, 
            {
                "name": "Fitting model", 
                "time": 162
            }, 
            {
                "name": "Saving model", 
                "time": 1
            }, 
            {
                "name": "Scoring model", 
                "time": 1301
            }
        ]
    }, 
    "endTime": 1534361050452, 
    "modelId": "m1"
}