{
    "rawImportance": {
        "variables": [
            "LF", 
            "TEC", 
            "WDay.Centroid", 
            "MORNPEAK", 
            "max", 
            "WEnd.AM.Slope"
        ], 
        "importances": [
            0.010044577210861409, 
            0.86805107633954126, 
            0.11583558398984461, 
            0.0036053296698053089, 
            0.0013655576471586553, 
            0.0010978751427887876
        ]
    }, 
    "probaAware": true, 
    "modelInputNRows": 3098, 
    "modelInputNCols": 10, 
    "modelInputMemory": 247840, 
    "modelInputIsSparse": false
}