{
    "featureNames": [
        "LF", 
        "TEC", 
        "WDay.Centroid", 
        "MORNPEAK", 
        "WDay.AM.Slope", 
        "max", 
        "WEnd.AM.Slope", 
        "dummy:Class:I", 
        "dummy:Class:K", 
        "dummy:Class:__Others__"
    ], 
    "tree": {
        "rightChild": [
            32, 
            17, 
            10, 
            7, 
            6, 
            -1, 
            -1, 
            9, 
            -1, 
            -1, 
            14, 
            13, 
            -1, 
            -1, 
            16, 
            -1, 
            -1, 
            25, 
            22, 
            21, 
            -1, 
            -1, 
            24, 
            -1, 
            -1, 
            29, 
            28, 
            -1, 
            -1, 
            31, 
            -1, 
            -1, 
            48, 
            41, 
            38, 
            37, 
            -1, 
            -1, 
            40, 
            -1, 
            -1, 
            45, 
            44, 
            -1, 
            -1, 
            47, 
            -1, 
            -1, 
            56, 
            53, 
            52, 
            -1, 
            -1, 
            55, 
            -1, 
            -1, 
            60, 
            59, 
            -1, 
            -1, 
            62, 
            -1, 
            -1
        ], 
        "impurity": [
            0.6290342881410819, 
            0.18500845085420836, 
            0.06852049902611812, 
            0.006410190134510607, 
            0.003273313625369534, 
            0.0, 
            0.09070294784580502, 
            0.1527777777777778, 
            0.0, 
            0.0, 
            0.1815616080807223, 
            0.05803930162904525, 
            0.1434567901234568, 
            0.0, 
            0.44135860386564085, 
            0.46875, 
            0.3705755617112958, 
            0.42354947403024323, 
            0.13826132910556221, 
            0.4897959183673469, 
            0.0, 
            0.0, 
            0.11258919287174152, 
            0.051687681102670524, 
            0.22565157750342935, 
            0.48225162780928377, 
            0.4993141289437586, 
            0.2906574394463668, 
            0.4921875, 
            0.3705755617112958, 
            0.3244170096021948, 
            0.0, 
            0.5205412636231534, 
            0.3194031705140168, 
            0.4738775510204082, 
            0.36761240456216415, 
            0.07396449704142016, 
            0.42907741609040306, 
            0.28152829646653266, 
            0.23350521284203396, 
            0.4897959183673469, 
            0.23457026001074976, 
            0.18509629320440135, 
            0.37322066294451994, 
            0.12826332028005216, 
            0.3712027474053685, 
            0.16425540123456794, 
            0.45223140495867764, 
            0.3464995944086533, 
            0.493112036853358, 
            0.4600237812128418, 
            0.1827061189313416, 
            0.4975662520281233, 
            0.028979238754325287, 
            0.2777777777777778, 
            0.0, 
            0.18492932298862796, 
            0.35223638574838967, 
            0.1225477022305832, 
            0.4493801652892562, 
            0.04894872288650409, 
            0.169921875, 
            0.0
        ], 
        "probas": [
            [
                0.41413815364751455, 
                0.41091026468689479, 
                0.17495158166559072
            ], 
            [
                0.10314262691377921, 
                0.89685737308622082, 
                0.0
            ], 
            [
                0.035522066738428421, 
                0.96447793326157161, 
                0.0
            ], 
            [
                0.0032154340836012861, 
                0.99678456591639875, 
                0.0
            ], 
            [
                0.001639344262295082, 
                0.99836065573770494, 
                0.0
            ], 
            [
                0.0, 
                1.0, 
                0.0
            ], 
            [
                0.047619047619047616, 
                0.95238095238095233, 
                0.0
            ], 
            [
                0.083333333333333329, 
                0.91666666666666663, 
                0.0
            ], 
            [
                1.0, 
                0.0, 
                0.0
            ], 
            [
                0.0, 
                1.0, 
                0.0
            ], 
            [
                0.10097719869706841, 
                0.89902280130293155, 
                0.0
            ], 
            [
                0.029914529914529916, 
                0.97008547008547008, 
                0.0
            ], 
            [
                0.077777777777777779, 
                0.92222222222222228, 
                0.0
            ], 
            [
                0.0, 
                1.0, 
                0.0
            ], 
            [
                0.32876712328767121, 
                0.67123287671232879, 
                0.0
            ], 
            [
                0.625, 
                0.375, 
                0.0
            ], 
            [
                0.24561403508771928, 
                0.75438596491228072, 
                0.0
            ], 
            [
                0.30448717948717946, 
                0.69551282051282048, 
                0.0
            ], 
            [
                0.074712643678160925, 
                0.92528735632183912, 
                0.0
            ], 
            [
                0.42857142857142855, 
                0.5714285714285714, 
                0.0
            ], 
            [
                0.0, 
                1.0, 
                0.0
            ], 
            [
                1.0, 
                0.0, 
                0.0
            ], 
            [
                0.059880239520958084, 
                0.94011976047904189, 
                0.0
            ], 
            [
                0.026548672566371681, 
                0.97345132743362828, 
                0.0
            ], 
            [
                0.12962962962962962, 
                0.87037037037037035, 
                0.0
            ], 
            [
                0.59420289855072461, 
                0.40579710144927539, 
                0.0
            ], 
            [
                0.48148148148148145, 
                0.51851851851851849, 
                0.0
            ], 
            [
                0.17647058823529413, 
                0.82352941176470584, 
                0.0
            ], 
            [
                0.5625, 
                0.4375, 
                0.0
            ], 
            [
                0.75438596491228072, 
                0.24561403508771928, 
                0.0
            ], 
            [
                0.79629629629629628, 
                0.20370370370370369, 
                0.0
            ], 
            [
                0.0, 
                1.0, 
                0.0
            ], 
            [
                0.62197092084006467, 
                0.08616047388260635, 
                0.29186860527732905
            ], 
            [
                0.81289808917197448, 
                0.12738853503184713, 
                0.059713375796178345
            ], 
            [
                0.61428571428571432, 
                0.38571428571428573, 
                0.0
            ], 
            [
                0.24271844660194175, 
                0.75728155339805825, 
                0.0
            ], 
            [
                0.038461538461538464, 
                0.96153846153846156, 
                0.0
            ], 
            [
                0.31168831168831168, 
                0.68831168831168832, 
                0.0
            ], 
            [
                0.83050847457627119, 
                0.16949152542372881, 
                0.0
            ], 
            [
                0.86503067484662577, 
                0.13496932515337423, 
                0.0
            ], 
            [
                0.42857142857142855, 
                0.5714285714285714, 
                0.0
            ], 
            [
                0.86987704918032782, 
                0.053278688524590161, 
                0.076844262295081969
            ], 
            [
                0.89961389961389959, 
                0.066924066924066924, 
                0.033462033462033462
            ], 
            [
                0.75177304964539005, 
                0.24822695035460993, 
                0.0
            ], 
            [
                0.9323899371069182, 
                0.026729559748427674, 
                0.040880503144654086
            ], 
            [
                0.75376884422110557, 
                0.0, 
                0.24623115577889448
            ], 
            [
                0.90972222222222221, 
                0.0, 
                0.090277777777777776
            ], 
            [
                0.34545454545454546, 
                0.0, 
                0.65454545454545454
            ], 
            [
                0.22296173044925124, 
                0.0, 
                0.77703826955074873
            ], 
            [
                0.44131455399061031, 
                0.0, 
                0.55868544600938963
            ], 
            [
                0.64137931034482754, 
                0.0, 
                0.35862068965517241
            ], 
            [
                0.89830508474576276, 
                0.0, 
                0.10169491525423729
            ], 
            [
                0.46511627906976744, 
                0.0, 
                0.53488372093023251
            ], 
            [
                0.014705882352941176, 
                0.0, 
                0.98529411764705888
            ], 
            [
                0.16666666666666666, 
                0.0, 
                0.83333333333333337
            ], 
            [
                0.0, 
                0.0, 
                1.0
            ], 
            [
                0.10309278350515463, 
                0.0, 
                0.89690721649484539
            ], 
            [
                0.22818791946308725, 
                0.0, 
                0.77181208053691275
            ], 
            [
                0.065573770491803282, 
                0.0, 
                0.93442622950819676
            ], 
            [
                0.34090909090909088, 
                0.0, 
                0.65909090909090906
            ], 
            [
                0.025104602510460251, 
                0.0, 
                0.97489539748953979
            ], 
            [
                0.09375, 
                0.0, 
                0.90625
            ], 
            [
                0.0, 
                0.0, 
                1.0
            ]
        ], 
        "feature": [
            1, 
            1, 
            1, 
            5, 
            1, 
            -2, 
            -2, 
            5, 
            -2, 
            -2, 
            2, 
            0, 
            -2, 
            -2, 
            0, 
            -2, 
            -2, 
            2, 
            3, 
            3, 
            -2, 
            -2, 
            6, 
            -2, 
            -2, 
            1, 
            2, 
            -2, 
            -2, 
            1, 
            -2, 
            -2, 
            1, 
            1, 
            2, 
            2, 
            -2, 
            -2, 
            0, 
            -2, 
            -2, 
            2, 
            2, 
            -2, 
            -2, 
            1, 
            -2, 
            -2, 
            2, 
            1, 
            2, 
            -2, 
            -2, 
            1, 
            -2, 
            -2, 
            1, 
            0, 
            -2, 
            -2, 
            6, 
            -2, 
            -2
        ], 
        "leftChild": [
            1, 
            2, 
            3, 
            4, 
            5, 
            -1, 
            -1, 
            8, 
            -1, 
            -1, 
            11, 
            12, 
            -1, 
            -1, 
            15, 
            -1, 
            -1, 
            18, 
            19, 
            20, 
            -1, 
            -1, 
            23, 
            -1, 
            -1, 
            26, 
            27, 
            -1, 
            -1, 
            30, 
            -1, 
            -1, 
            33, 
            34, 
            35, 
            36, 
            -1, 
            -1, 
            39, 
            -1, 
            -1, 
            42, 
            43, 
            -1, 
            -1, 
            46, 
            -1, 
            -1, 
            49, 
            50, 
            51, 
            -1, 
            -1, 
            54, 
            -1, 
            -1, 
            57, 
            58, 
            -1, 
            -1, 
            61, 
            -1, 
            -1
        ], 
        "threshold": [
            3523.751532581721, 
            2995.8285830392797, 
            2463.686954956403, 
            7.807999954193176, 
            2427.3885489643217, 
            -2.0, 
            -2.0, 
            8.027499999141238, 
            -2.0, 
            -2.0, 
            34.50000006670895, 
            0.17442660364907234, 
            -2.0, 
            -2.0, 
            0.1355058223996999, 
            -2.0, 
            -2.0, 
            32.49999997119469, 
            0.29751625455732456, 
            0.26015038396337764, 
            -2.0, 
            -2.0, 
            0.1586927079764575, 
            -2.0, 
            -2.0, 
            3345.3429963548433, 
            33.49999997354589, 
            -2.0, 
            -2.0, 
            3517.934965643167, 
            -2.0, 
            -2.0, 
            5970.093961743332, 
            3975.2469919607097, 
            31.49999996884349, 
            28.500000052601745, 
            -2.0, 
            -2.0, 
            0.24108989973366163, 
            -2.0, 
            -2.0, 
            34.50000006670895, 
            29.499999873329234, 
            -2.0, 
            -2.0, 
            5164.830021564732, 
            -2.0, 
            -2.0, 
            31.49999996884349, 
            7691.540346094597, 
            29.499999873329234, 
            -2.0, 
            -2.0, 
            7859.032351730772, 
            -2.0, 
            -2.0, 
            6669.1488356106875, 
            0.21322774121188737, 
            -2.0, 
            -2.0, 
            0.11027084938385179, 
            -2.0, 
            -2.0
        ], 
        "nSamples": [
            3098, 
            1241, 
            929, 
            622, 
            610, 
            589, 
            21, 
            12, 
            1, 
            11, 
            307, 
            234, 
            90, 
            144, 
            73, 
            16, 
            57, 
            312, 
            174, 
            7, 
            4, 
            3, 
            167, 
            113, 
            54, 
            138, 
            81, 
            17, 
            64, 
            57, 
            54, 
            3, 
            1857, 
            1256, 
            280, 
            103, 
            26, 
            77, 
            177, 
            163, 
            14, 
            976, 
            777, 
            141, 
            636, 
            199, 
            144, 
            55, 
            601, 
            213, 
            145, 
            59, 
            86, 
            68, 
            6, 
            62, 
            388, 
            149, 
            61, 
            88, 
            239, 
            64, 
            175
        ]
    }
}