{
  "state": "DONE",
  "preSearchDescription": {
    "gridLength": 1,
    "importantParams": []
  },
  "postSearchDescription": {
    "importantParams": [
      {
        "name": "layer_sizes",
        "val": "[10]"
      },
      {
        "name": "activation",
        "val": "relu"
      },
      {
        "name": "alpha",
        "val": "0.001"
      },
      {
        "name": "solver",
        "val": "adam"
      }
    ]
  },
  "modelId": "m1",
  "progress": {
    "top_level_todo": [],
    "stack": [],
    "top_level_done": [
      {
        "name": "Loading train set",
        "time": 33
      },
      {
        "name": "Loading test set",
        "time": 6
      },
      {
        "name": "Collecting statistics",
        "time": 12
      },
      {
        "name": "Preprocessing train set",
        "time": 59
      },
      {
        "name": "Preprocessing test set",
        "time": 24
      },
      {
        "name": "Fitting model",
        "time": 5363
      },
      {
        "name": "Saving model",
        "time": 5
      },
      {
        "name": "Scoring model",
        "time": 688
      }
    ]
  },
  "startTime": 1535494704563,
  "endTime": 1535494710755,
  "preprocessingTime": 134,
  "trainingTime": 6058
}