{
    "usedGridSearch": true, 
    "probaAware": true, 
    "gridSize": 12, 
    "rawImportance": {
        "variables": [
            "LF", 
            "MORNPEAK", 
            "TEC", 
            "ToUmax", 
            "WDay.AM.Slope", 
            "WDay.Centroid", 
            "WEnd.AM.Slope", 
            "WEnd.Centroid", 
            "max", 
            "dummy:Class:I", 
            "dummy:Class:K", 
            "dummy:Class:C", 
            "dummy:Class:G", 
            "dummy:Class:M", 
            "dummy:Class:H", 
            "dummy:Class:F", 
            "dummy:Class:B", 
            "dummy:Class:O", 
            "dummy:Class:L", 
            "dummy:Class:J", 
            "dummy:Class:__Others__"
        ], 
        "importances": [
            0.076364150361232799, 
            0.089633723466189322, 
            0.4103210700535348, 
            0.031560290089375061, 
            0.04318555050283391, 
            0.054443884873842482, 
            0.047411137449963628, 
            0.037294426582444695, 
            0.13678728245704508, 
            0.0093969631280528369, 
            0.034251952434818128, 
            0.0042807381169618994, 
            0.0041792827862044343, 
            0.0032035353263743949, 
            0.0036858262638741024, 
            0.0029517091880369045, 
            0.0019634412986925857, 
            0.0027120100244931722, 
            0.0022321575633980819, 
            0.00087070446742142408, 
            0.0032701635652101868
        ]
    }, 
    "modelInputNRows": 3098, 
    "modelInputNCols": 22, 
    "modelInputMemory": 545248, 
    "gridCells": [
        {
            "score": 0.9544733612984861, 
            "params": {
                "max_features": "auto", 
                "min_samples_split": 3, 
                "n_estimators": 100, 
                "max_depth": 5, 
                "min_samples_leaf": 1
            }
        }, 
        {
            "score": 0.96654981289045, 
            "params": {
                "max_features": "auto", 
                "min_samples_split": 3, 
                "n_estimators": 100, 
                "max_depth": 10, 
                "min_samples_leaf": 1
            }
        }, 
        {
            "score": 0.9679566547068932, 
            "params": {
                "max_features": "auto", 
                "min_samples_split": 3, 
                "n_estimators": 100, 
                "max_depth": 15, 
                "min_samples_leaf": 1
            }
        }, 
        {
            "score": 0.9677706488704377, 
            "params": {
                "max_features": "auto", 
                "min_samples_split": 3, 
                "n_estimators": 100, 
                "max_depth": 20, 
                "min_samples_leaf": 1
            }
        }, 
        {
            "score": 0.9539046972688306, 
            "params": {
                "max_features": "auto", 
                "min_samples_split": 30, 
                "n_estimators": 100, 
                "max_depth": 5, 
                "min_samples_leaf": 10
            }
        }, 
        {
            "score": 0.962160048101741, 
            "params": {
                "max_features": "auto", 
                "min_samples_split": 30, 
                "n_estimators": 100, 
                "max_depth": 10, 
                "min_samples_leaf": 10
            }
        }, 
        {
            "score": 0.9626861395155845, 
            "params": {
                "max_features": "auto", 
                "min_samples_split": 30, 
                "n_estimators": 100, 
                "max_depth": 15, 
                "min_samples_leaf": 10
            }
        }, 
        {
            "score": 0.9626881867623406, 
            "params": {
                "max_features": "auto", 
                "min_samples_split": 30, 
                "n_estimators": 100, 
                "max_depth": 20, 
                "min_samples_leaf": 10
            }
        }, 
        {
            "score": 0.9336235979985612, 
            "params": {
                "max_features": "auto", 
                "min_samples_split": 300, 
                "n_estimators": 100, 
                "max_depth": 5, 
                "min_samples_leaf": 100
            }
        }, 
        {
            "score": 0.9338809102128897, 
            "params": {
                "max_features": "auto", 
                "min_samples_split": 300, 
                "n_estimators": 100, 
                "max_depth": 10, 
                "min_samples_leaf": 100
            }
        }, 
        {
            "score": 0.9338809102128897, 
            "params": {
                "max_features": "auto", 
                "min_samples_split": 300, 
                "n_estimators": 100, 
                "max_depth": 15, 
                "min_samples_leaf": 100
            }
        }, 
        {
            "score": 0.9338809102128897, 
            "params": {
                "max_features": "auto", 
                "min_samples_split": 300, 
                "n_estimators": 100, 
                "max_depth": 20, 
                "min_samples_leaf": 100
            }
        }
    ], 
    "gridBestScore": 0.9679566547068932, 
    "modelInputIsSparse": false
}