{
  "state": "DONE",
  "preSearchDescription": {
    "gridLength": 12,
    "importantParams": [
      {
        "name": "trees",
        "vals": [
          "100"
        ]
      },
      {
        "name": "depth",
        "vals": [
          "5",
          "10",
          "15",
          "20"
        ]
      },
      {
        "name": "min_samples",
        "vals": [
          "1",
          "10",
          "100"
        ]
      }
    ]
  },
  "postSearchDescription": {
    "importantParams": [
      {
        "name": "trees",
        "val": "100"
      },
      {
        "name": "depth",
        "val": "15"
      },
      {
        "name": "min_samples",
        "val": "1"
      }
    ]
  },
  "modelId": "m1",
  "progress": {
    "top_level_todo": [],
    "stack": [],
    "top_level_done": [
      {
        "name": "Loading train set",
        "time": 56
      },
      {
        "name": "Loading test set",
        "time": 91
      },
      {
        "name": "Collecting statistics",
        "time": 22
      },
      {
        "name": "Preprocessing train set",
        "time": 141
      },
      {
        "name": "Preprocessing test set",
        "time": 139
      },
      {
        "name": "Fitting model",
        "time": 60850
      },
      {
        "name": "Saving model",
        "time": 36
      },
      {
        "name": "Scoring model",
        "time": 3574
      }
    ]
  },
  "startTime": 1535494683722,
  "endTime": 1535494748635,
  "preprocessingTime": 453,
  "trainingTime": 64460
}