{"clusters": [{"facts": [{"std": 0.14173170373222158, "global_mean": 0.8319216128364406, "feature_label": "kwh", "global_std": 0.42062983934740966, "cluster_label": "cluster_0", "diff": 0.16481097884610837, "type": "numerical", "mean": 0.9012460283911685}], "cluster": "cluster_0", "size": 1585}, {"facts": [{"std": 0.15519513864418583, "global_mean": 0.8319216128364406, "feature_label": "kwh", "global_std": 0.42062983934740966, "cluster_label": "cluster_1", "diff": -0.9491039015442985, "type": "numerical", "mean": 0.4327001912058626}], "cluster": "cluster_1", "size": 1501}, {"facts": [{"std": 0.22278355711111644, "global_mean": 0.8319216128364406, "feature_label": "kwh", "global_std": 0.42062983934740966, "cluster_label": "cluster_2", "diff": 1.4433316584131437, "type": "numerical", "mean": 1.4390299764397916}], "cluster": "cluster_2", "size": 764}, {"facts": [{"std": 0.45558608206478696, "global_mean": 0.8319216128364406, "feature_label": "kwh", "global_std": 0.42062983934740966, "cluster_label": "cluster_outliers", "diff": 4.333869122804235, "type": "numerical", "mean": 2.6548762857142854}], "cluster": "cluster_outliers", "size": 14}], "global": {"facts": [{"std": 0.45558608206478696, "global_mean": 0.8319216128364406, "feature_label": "kwh", "global_std": 0.42062983934740966, "cluster_label": "cluster_outliers", "diff": 4.333869122804235, "type": "numerical", "mean": 2.6548762857142854}, {"std": 0.22278355711111644, "global_mean": 0.8319216128364406, "feature_label": "kwh", "global_std": 0.42062983934740966, "cluster_label": "cluster_2", "diff": 1.4433316584131437, "type": "numerical", "mean": 1.4390299764397916}, {"std": 0.15519513864418583, "global_mean": 0.8319216128364406, "feature_label": "kwh", "global_std": 0.42062983934740966, "cluster_label": "cluster_1", "diff": -0.9491039015442985, "type": "numerical", "mean": 0.4327001912058626}, {"std": 0.14173170373222158, "global_mean": 0.8319216128364406, "feature_label": "kwh", "global_std": 0.42062983934740966, "cluster_label": "cluster_0", "diff": 0.16481097884610837, "type": "numerical", "mean": 0.9012460283911685}], "size": 3864}}