{"cluster_labels": ["cluster_0", "cluster_1", "cluster_2", "cluster_outliers"], "proportions": [], "cluster_sizes": [1585, 1501, 764, 14], "levels": [], "num_names": ["kwh"], "cluster_proportions": [[], [], [], []], "num_std_devs": [0.42062983934740966], "cluster_num_averages": [[0.9012460283911685], [0.4327001912058626], [1.4390299764397916], [2.6548762857142854]], "total_size": 3864, "cat_names": [], "num_averages": [0.8319216128364406], "cluster_num_std_devs": [[0.14173170373222158], [0.15519513864418583], [0.22278355711111644], [0.45558608206478696]]}