[
    {
        "variable": "kwh", 
        "global": {
            "max": 3.853024, 
            "max_ratio": 0.064958592132505169, 
            "percentile75": 1.08867, 
            "percentile25": 0.5183445000000001, 
            "total_no_nan": 3864, 
            "total": 3864, 
            "std": 0.42057540649835051, 
            "min": 0.017197999999999998, 
            "percentile91": 1.41897067, 
            "median": 0.7890925, 
            "percentile9": 0.3106017, 
            "distribution": [
                24, 
                41, 
                80, 
                121, 
                150, 
                176, 
                222, 
                193, 
                207, 
                251, 
                237, 
                218, 
                206, 
                228, 
                196, 
                218, 
                162, 
                153, 
                129, 
                125, 
                88, 
                101, 
                78, 
                56, 
                38, 
                37, 
                30, 
                28, 
                14, 
                14, 
                7, 
                10, 
                3, 
                6, 
                3, 
                1, 
                2, 
                4, 
                1, 
                1, 
                1, 
                0, 
                1, 
                0, 
                0, 
                1, 
                0, 
                0, 
                0, 
                0, 
                0, 
                0, 
                1, 
                0, 
                0, 
                0, 
                0, 
                0, 
                0, 
                1
            ]
        }, 
        "scale": {
            "max": 3.853024, 
            "max_ratio": 0.2857142857142857, 
            "min": 0.017197999999999998
        }, 
        "type": "numerical", 
        "per_cluster": [
            {
                "max": 1.1686479999999999, 
                "max_ratio": 0.14384858044164037, 
                "percentile75": 1.015959, 
                "percentile25": 0.778884, 
                "total_no_nan": 1585, 
                "total": 1585, 
                "std": 0.14168698636126079, 
                "min": 0.66643200000000002, 
                "percentile91": 1.11012568, 
                "median": 0.8964719999999999, 
                "cluster_name": "cluster_0", 
                "percentile9": 0.70481512, 
                "distribution": [
                    0, 
                    0, 
                    0, 
                    0, 
                    0, 
                    0, 
                    0, 
                    0, 
                    0, 
                    0, 
                    201, 
                    218, 
                    206, 
                    228, 
                    196, 
                    218, 
                    162, 
                    153, 
                    3, 
                    0, 
                    0, 
                    0, 
                    0, 
                    0, 
                    0, 
                    0, 
                    0, 
                    0, 
                    0, 
                    0, 
                    0, 
                    0, 
                    0, 
                    0, 
                    0, 
                    0, 
                    0, 
                    0, 
                    0, 
                    0, 
                    0, 
                    0, 
                    0, 
                    0, 
                    0, 
                    0, 
                    0, 
                    0, 
                    0, 
                    0, 
                    0, 
                    0, 
                    0, 
                    0, 
                    0, 
                    0, 
                    0, 
                    0, 
                    0, 
                    0
                ]
            }, 
            {
                "max": 0.66627599999999998, 
                "max_ratio": 0.16722185209860094, 
                "percentile75": 0.5662699999999999, 
                "percentile25": 0.321119, 
                "total_no_nan": 1501, 
                "total": 1501, 
                "std": 0.15514343278279941, 
                "min": 0.017197999999999998, 
                "percentile91": 0.630984, 
                "median": 0.447705, 
                "cluster_name": "cluster_1", 
                "percentile9": 0.204555, 
                "distribution": [
                    24, 
                    41, 
                    80, 
                    121, 
                    150, 
                    176, 
                    222, 
                    193, 
                    207, 
                    251, 
                    36, 
                    0, 
                    0, 
                    0, 
                    0, 
                    0, 
                    0, 
                    0, 
                    0, 
                    0, 
                    0, 
                    0, 
                    0, 
                    0, 
                    0, 
                    0, 
                    0, 
                    0, 
                    0, 
                    0, 
                    0, 
                    0, 
                    0, 
                    0, 
                    0, 
                    0, 
                    0, 
                    0, 
                    0, 
                    0, 
                    0, 
                    0, 
                    0, 
                    0, 
                    0, 
                    0, 
                    0, 
                    0, 
                    0, 
                    0, 
                    0, 
                    0, 
                    0, 
                    0, 
                    0, 
                    0, 
                    0, 
                    0, 
                    0, 
                    0
                ]
            }, 
            {
                "max": 2.2416259999999997, 
                "max_ratio": 0.16492146596858639, 
                "percentile75": 1.5498129999999999, 
                "percentile25": 1.26663525, 
                "total_no_nan": 764, 
                "total": 764, 
                "std": 0.22263770861292353, 
                "min": 1.1690320000000001, 
                "percentile91": 1.77692049, 
                "median": 1.384396, 
                "cluster_name": "cluster_2", 
                "percentile9": 1.19964027, 
                "distribution": [
                    0, 
                    0, 
                    0, 
                    0, 
                    0, 
                    0, 
                    0, 
                    0, 
                    0, 
                    0, 
                    0, 
                    0, 
                    0, 
                    0, 
                    0, 
                    0, 
                    0, 
                    0, 
                    126, 
                    125, 
                    88, 
                    101, 
                    78, 
                    56, 
                    38, 
                    37, 
                    30, 
                    28, 
                    14, 
                    14, 
                    7, 
                    10, 
                    3, 
                    6, 
                    3, 
                    0, 
                    0, 
                    0, 
                    0, 
                    0, 
                    0, 
                    0, 
                    0, 
                    0, 
                    0, 
                    0, 
                    0, 
                    0, 
                    0, 
                    0, 
                    0, 
                    0, 
                    0, 
                    0, 
                    0, 
                    0, 
                    0, 
                    0, 
                    0, 
                    0
                ]
            }, 
            {
                "max": 3.853024, 
                "max_ratio": 0.2857142857142857, 
                "percentile75": 2.7009505, 
                "percentile25": 2.39368925, 
                "total_no_nan": 14, 
                "total": 14, 
                "std": 0.43901373361408125, 
                "min": 2.2817590000000001, 
                "percentile91": 3.32348715, 
                "median": 2.458015, 
                "cluster_name": "cluster_outliers", 
                "percentile9": 2.33252448, 
                "distribution": [
                    0, 
                    0, 
                    0, 
                    0, 
                    0, 
                    0, 
                    0, 
                    0, 
                    0, 
                    0, 
                    0, 
                    0, 
                    0, 
                    0, 
                    0, 
                    0, 
                    0, 
                    0, 
                    0, 
                    0, 
                    0, 
                    0, 
                    0, 
                    0, 
                    0, 
                    0, 
                    0, 
                    0, 
                    0, 
                    0, 
                    0, 
                    0, 
                    0, 
                    0, 
                    0, 
                    1, 
                    2, 
                    4, 
                    1, 
                    1, 
                    1, 
                    0, 
                    1, 
                    0, 
                    0, 
                    1, 
                    0, 
                    0, 
                    0, 
                    0, 
                    0, 
                    0, 
                    1, 
                    0, 
                    0, 
                    0, 
                    0, 
                    0, 
                    0, 
                    1
                ]
            }
        ]
    }
]