{
    "trainingTime": 867, 
    "state": "DONE", 
    "startTime": 1534364726806, 
    "preprocessingTime": 599, 
    "progress": {
        "top_level_todo": [], 
        "stack": [], 
        "top_level_done": [
            {
                "name": "Loading source dataset", 
                "time": 4
            }, 
            {
                "name": "Collecting statistics", 
                "time": 3
            }, 
            {
                "name": "Preprocessing data", 
                "time": 591
            }, 
            {
                "name": "Fitting model", 
                "time": 105
            }, 
            {
                "name": "Saving model", 
                "time": 1
            }, 
            {
                "name": "Scoring model", 
                "time": 761
            }
        ]
    }, 
    "endTime": 1534364728272, 
    "modelId": "m1"
}