{
  "trainedWithDSSVersion": "4.0.5",
  "isValid": true,
  "type": "MULTICLASS_PROBABILISTIC",
  "algorithm_name": "GRADIENT_BOOSTING_CLASSIFIER",
  "columns": [
    "LF",
    "MORNPEAK",
    "TEC",
    "ToUmax",
    "WDay.AM.Slope",
    "WDay.Centroid",
    "WEnd.AM.Slope",
    "WEnd.Centroid",
    "max",
    "dummy:Class:I",
    "dummy:Class:K",
    "dummy:Class:C",
    "dummy:Class:G",
    "dummy:Class:M",
    "dummy:Class:H",
    "dummy:Class:F",
    "dummy:Class:B",
    "dummy:Class:O",
    "dummy:Class:L",
    "dummy:Class:J",
    "dummy:Class:N/A",
    "dummy:Class:__Others__"
  ],
  "classes": [
    "cluster3",
    "cluster2",
    "cluster1"
  ]
}