{
  "state": "DONE",
  "preSearchDescription": {
    "gridLength": 1,
    "importantParams": [
      {
        "name": "trees",
        "vals": [
          "100"
        ]
      },
      {
        "name": "learning_rate",
        "vals": [
          "0.1"
        ]
      },
      {
        "name": "max_depth",
        "vals": [
          "3"
        ]
      }
    ]
  },
  "postSearchDescription": {
    "importantParams": [
      {
        "name": "trees",
        "val": "100"
      },
      {
        "name": "learning_rate",
        "val": "0.1"
      },
      {
        "name": "max_depth",
        "val": "3"
      }
    ]
  },
  "modelId": "m1",
  "progress": {
    "top_level_todo": [],
    "stack": [],
    "top_level_done": [
      {
        "name": "Loading train set",
        "time": 10
      },
      {
        "name": "Loading test set",
        "time": 26
      },
      {
        "name": "Collecting statistics",
        "time": 45
      },
      {
        "name": "Preprocessing train set",
        "time": 72
      },
      {
        "name": "Preprocessing test set",
        "time": 48
      },
      {
        "name": "Fitting model",
        "time": 2986
      },
      {
        "name": "Saving model",
        "time": 17
      },
      {
        "name": "Scoring model",
        "time": 328
      }
    ]
  },
  "startTime": 1534414163794,
  "endTime": 1534414167351,
  "preprocessingTime": 202,
  "trainingTime": 3355
}