{
    "rawImportance": {
        "variables": [
            "LF", 
            "MORNPEAK", 
            "TEC", 
            "ToUmax", 
            "WDay.AM.Slope", 
            "WDay.Centroid", 
            "WEnd.AM.Slope", 
            "WEnd.Centroid", 
            "max", 
            "dummy:Class:I", 
            "dummy:Class:K", 
            "dummy:Class:C", 
            "dummy:Class:G", 
            "dummy:Class:M", 
            "dummy:Class:H", 
            "dummy:Class:F", 
            "dummy:Class:B", 
            "dummy:Class:O", 
            "dummy:Class:L", 
            "dummy:Class:J", 
            "dummy:Class:__Others__"
        ], 
        "importances": [
            0.037805608967724384, 
            0.082710796403543008, 
            0.26744389620751702, 
            0.0049969564180252128, 
            0.025866456862701316, 
            0.019884058955765251, 
            0.03665293821490271, 
            0.011403045020629865, 
            0.15346156752439871, 
            0.071049139314193752, 
            0.18783909768105084, 
            0.0065524830670788108, 
            0.013790455867371992, 
            0.010480235824329305, 
            0.0057211246305124809, 
            0.016069316496302864, 
            0.0041833370212860264, 
            0.014029988146557867, 
            0.0090810327507153694, 
            0.0032559616233849425, 
            0.017722503002008342
        ]
    }, 
    "probaAware": true, 
    "modelInputNRows": 3098, 
    "modelInputNCols": 22, 
    "modelInputMemory": 545248, 
    "modelInputIsSparse": false
}