{
  "state": "DONE",
  "preSearchDescription": {
    "gridLength": 1,
    "importantParams": [
      {
        "name": "trees",
        "vals": [
          "30"
        ]
      },
      {
        "name": "depth",
        "vals": [
          "8"
        ]
      },
      {
        "name": "min_samples",
        "vals": [
          "3"
        ]
      }
    ]
  },
  "postSearchDescription": {
    "importantParams": [
      {
        "name": "trees",
        "val": "30"
      },
      {
        "name": "depth",
        "val": "8"
      },
      {
        "name": "min_samples",
        "val": "3"
      }
    ]
  },
  "modelId": "m1",
  "progress": {
    "top_level_todo": [],
    "stack": [],
    "top_level_done": [
      {
        "name": "Loading train set",
        "time": 31
      },
      {
        "name": "Loading test set",
        "time": 62
      },
      {
        "name": "Collecting statistics",
        "time": 74
      },
      {
        "name": "Preprocessing train set",
        "time": 195
      },
      {
        "name": "Preprocessing test set",
        "time": 136
      },
      {
        "name": "Fitting model",
        "time": 811
      },
      {
        "name": "Saving model",
        "time": 7
      },
      {
        "name": "Scoring model",
        "time": 1208
      }
    ]
  },
  "startTime": 1535494688245,
  "endTime": 1535494690772,
  "preprocessingTime": 500,
  "trainingTime": 2027
}