{
  "type": "clustering_cluster",
  "neverRecomputeExistingPartitions": false,
  "optionalDependencies": false,
  "customMeta": {
    "kv": {}
  },
  "redispatchPartitioning": false,
  "inputs": {
    "main": {
      "items": [
        {
          "ref": "MeterCluster_Alldays",
          "deps": []
        }
      ]
    }
  },
  "outputs": {
    "main": {
      "items": [
        {
          "ref": "MeterCluster_Alldays_clustered",
          "appendMode": false
        }
      ]
    }
  },
  "versionTag": {
    "versionNumber": 0,
    "lastModifiedBy": {
      "login": "admin"
    },
    "lastModifiedOn": 1534361676547
  },
  "creationTag": {
    "versionNumber": 0,
    "lastModifiedBy": {
      "login": "admin"
    },
    "lastModifiedOn": 1534361676547
  },
  "tags": [],
  "checklists": {
    "checklists": []
  }
}