{
  "type": "join",
  "neverRecomputeExistingPartitions": false,
  "optionalDependencies": false,
  "customMeta": {
    "kv": {}
  },
  "redispatchPartitioning": false,
  "inputs": {
    "main": {
      "items": [
        {
          "ref": "SummaryMetric_6months",
          "deps": []
        },
        {
          "ref": "MeterCluster_Alldays",
          "deps": []
        },
        {
          "ref": "HouseholdCategoryToMemberMapping",
          "deps": []
        }
      ]
    }
  },
  "outputs": {
    "main": {
      "items": [
        {
          "ref": "SummaryMetric_Clustered",
          "appendMode": false
        }
      ]
    }
  },
  "versionTag": {
    "versionNumber": 6,
    "lastModifiedBy": {
      "login": "admin"
    },
    "lastModifiedOn": 1532985591948
  },
  "creationTag": {
    "versionNumber": 0,
    "lastModifiedBy": {
      "login": "admin"
    },
    "lastModifiedOn": 1532874900667
  },
  "tags": [],
  "checklists": {
    "checklists": []
  }
}