{
  "type": "prediction_scoring",
  "neverRecomputeExistingPartitions": false,
  "optionalDependencies": false,
  "customMeta": {
    "kv": {}
  },
  "redispatchPartitioning": false,
  "inputs": {
    "model": {
      "items": [
        {
          "ref": "oAXncIzG",
          "deps": []
        }
      ]
    },
    "main": {
      "items": [
        {
          "ref": "SummaryMetric_Clustered_prepared",
          "deps": []
        }
      ]
    }
  },
  "outputs": {
    "main": {
      "items": [
        {
          "ref": "SummaryMetricClusterPrepared_Scored",
          "appendMode": false
        }
      ]
    }
  },
  "versionTag": {
    "versionNumber": 1,
    "lastModifiedBy": {
      "login": "admin"
    },
    "lastModifiedOn": 1534414506428
  },
  "creationTag": {
    "versionNumber": 0,
    "lastModifiedBy": {
      "login": "admin"
    },
    "lastModifiedOn": 1534414494212
  },
  "tags": [],
  "checklists": {
    "checklists": []
  }
}