{"clusters": [{"facts": [{"std": 0.16046224900041994, "global_mean": 0.8319216128364406, "feature_label": "kwh", "global_std": 0.42062983934740966, "cluster_label": "cluster_0", "diff": -0.20496794840501095, "type": "numerical", "mean": 0.7457059776274727}], "cluster": "cluster_0", "size": 1922}, {"facts": [{"std": 0.24480992016662897, "global_mean": 0.8319216128364406, "feature_label": "kwh", "global_std": 0.42062983934740966, "cluster_label": "cluster_1", "diff": 1.183558497178921, "type": "numerical", "mean": 1.3297616333630717}], "cluster": "cluster_1", "size": 1121}, {"facts": [{"std": 0.10654387075297692, "global_mean": 0.8319216128364406, "feature_label": "kwh", "global_std": 0.42062983934740966, "cluster_label": "cluster_2", "diff": -1.231096463720446, "type": "numerical", "mean": 0.31408570508054523}], "cluster": "cluster_2", "size": 807}, {"facts": [{"std": 0.45558608206478696, "global_mean": 0.8319216128364406, "feature_label": "kwh", "global_std": 0.42062983934740966, "cluster_label": "cluster_outliers", "diff": 4.333869122804235, "type": "numerical", "mean": 2.6548762857142854}], "cluster": "cluster_outliers", "size": 14}], "global": {"facts": [{"std": 0.45558608206478696, "global_mean": 0.8319216128364406, "feature_label": "kwh", "global_std": 0.42062983934740966, "cluster_label": "cluster_outliers", "diff": 4.333869122804235, "type": "numerical", "mean": 2.6548762857142854}, {"std": 0.10654387075297692, "global_mean": 0.8319216128364406, "feature_label": "kwh", "global_std": 0.42062983934740966, "cluster_label": "cluster_2", "diff": -1.231096463720446, "type": "numerical", "mean": 0.31408570508054523}, {"std": 0.24480992016662897, "global_mean": 0.8319216128364406, "feature_label": "kwh", "global_std": 0.42062983934740966, "cluster_label": "cluster_1", "diff": 1.183558497178921, "type": "numerical", "mean": 1.3297616333630717}, {"std": 0.16046224900041994, "global_mean": 0.8319216128364406, "feature_label": "kwh", "global_std": 0.42062983934740966, "cluster_label": "cluster_0", "diff": -0.20496794840501095, "type": "numerical", "mean": 0.7457059776274727}], "size": 3864}}