{"cluster_labels": ["cluster_0", "cluster_1", "cluster_2", "cluster_outliers"], "proportions": [], "cluster_sizes": [1922, 1121, 807, 14], "levels": [], "num_names": ["kwh"], "cluster_proportions": [[], [], [], []], "num_std_devs": [0.42062983934740966], "cluster_num_averages": [[0.7457059776274727], [1.3297616333630717], [0.31408570508054523], [2.6548762857142854]], "total_size": 3864, "cat_names": [], "num_averages": [0.8319216128364406], "cluster_num_std_devs": [[0.16046224900041994], [0.24480992016662897], [0.10654387075297692], [0.45558608206478696]]}