[
    {
        "variable": "kwh", 
        "global": {
            "max": 3.853024, 
            "max_ratio": 0.064958592132505169, 
            "percentile75": 1.08867, 
            "percentile25": 0.5183445000000001, 
            "total_no_nan": 3864, 
            "total": 3864, 
            "std": 0.42057540649835051, 
            "min": 0.017197999999999998, 
            "percentile91": 1.41897067, 
            "median": 0.7890925, 
            "percentile9": 0.3106017, 
            "distribution": [
                24, 
                41, 
                80, 
                121, 
                150, 
                176, 
                222, 
                193, 
                207, 
                251, 
                237, 
                218, 
                206, 
                228, 
                196, 
                218, 
                162, 
                153, 
                129, 
                125, 
                88, 
                101, 
                78, 
                56, 
                38, 
                37, 
                30, 
                28, 
                14, 
                14, 
                7, 
                10, 
                3, 
                6, 
                3, 
                1, 
                2, 
                4, 
                1, 
                1, 
                1, 
                0, 
                1, 
                0, 
                0, 
                1, 
                0, 
                0, 
                0, 
                0, 
                0, 
                0, 
                1, 
                0, 
                0, 
                0, 
                0, 
                0, 
                0, 
                1
            ]
        }, 
        "scale": {
            "max": 3.853024, 
            "max_ratio": 0.2857142857142857, 
            "min": 0.017197999999999998
        }, 
        "type": "numerical", 
        "per_cluster": [
            {
                "max": 1.0284879999999998, 
                "max_ratio": 0.13059313215400625, 
                "percentile75": 0.88498075, 
                "percentile25": 0.610309, 
                "total_no_nan": 1922, 
                "total": 1922, 
                "std": 0.16042050000816913, 
                "min": 0.45852900000000002, 
                "percentile91": 0.97883179, 
                "median": 0.7384695, 
                "cluster_name": "cluster_0", 
                "percentile9": 0.5207689999999999, 
                "distribution": [
                    0, 
                    0, 
                    0, 
                    0, 
                    0, 
                    0, 
                    12, 
                    188, 
                    207, 
                    251, 
                    237, 
                    218, 
                    206, 
                    228, 
                    196, 
                    179, 
                    0, 
                    0, 
                    0, 
                    0, 
                    0, 
                    0, 
                    0, 
                    0, 
                    0, 
                    0, 
                    0, 
                    0, 
                    0, 
                    0, 
                    0, 
                    0, 
                    0, 
                    0, 
                    0, 
                    0, 
                    0, 
                    0, 
                    0, 
                    0, 
                    0, 
                    0, 
                    0, 
                    0, 
                    0, 
                    0, 
                    0, 
                    0, 
                    0, 
                    0, 
                    0, 
                    0, 
                    0, 
                    0, 
                    0, 
                    0, 
                    0, 
                    0, 
                    0, 
                    0
                ]
            }, 
            {
                "max": 2.2416259999999997, 
                "max_ratio": 0.14451382694023193, 
                "percentile75": 1.4658879999999999, 
                "percentile25": 1.137951, 
                "total_no_nan": 1121, 
                "total": 1121, 
                "std": 0.24470070315465034, 
                "min": 1.0305489999999999, 
                "percentile91": 1.7215756, 
                "median": 1.2723309999999999, 
                "cluster_name": "cluster_1", 
                "percentile9": 1.0631868, 
                "distribution": [
                    0, 
                    0, 
                    0, 
                    0, 
                    0, 
                    0, 
                    0, 
                    0, 
                    0, 
                    0, 
                    0, 
                    0, 
                    0, 
                    0, 
                    0, 
                    39, 
                    162, 
                    153, 
                    129, 
                    125, 
                    88, 
                    101, 
                    78, 
                    56, 
                    38, 
                    37, 
                    30, 
                    28, 
                    14, 
                    14, 
                    7, 
                    10, 
                    3, 
                    6, 
                    3, 
                    0, 
                    0, 
                    0, 
                    0, 
                    0, 
                    0, 
                    0, 
                    0, 
                    0, 
                    0, 
                    0, 
                    0, 
                    0, 
                    0, 
                    0, 
                    0, 
                    0, 
                    0, 
                    0, 
                    0, 
                    0, 
                    0, 
                    0, 
                    0, 
                    0
                ]
            }, 
            {
                "max": 0.46597200000000005, 
                "max_ratio": 0.26022304832713755, 
                "percentile75": 0.40368249999999994, 
                "percentile25": 0.2434655, 
                "total_no_nan": 807, 
                "total": 807, 
                "std": 0.10647783797889114, 
                "min": 0.017197999999999998, 
                "percentile91": 0.44118396000000004, 
                "median": 0.33169499999999996, 
                "cluster_name": "cluster_2", 
                "percentile9": 0.14770352, 
                "distribution": [
                    24, 
                    41, 
                    80, 
                    121, 
                    150, 
                    176, 
                    210, 
                    5, 
                    0, 
                    0, 
                    0, 
                    0, 
                    0, 
                    0, 
                    0, 
                    0, 
                    0, 
                    0, 
                    0, 
                    0, 
                    0, 
                    0, 
                    0, 
                    0, 
                    0, 
                    0, 
                    0, 
                    0, 
                    0, 
                    0, 
                    0, 
                    0, 
                    0, 
                    0, 
                    0, 
                    0, 
                    0, 
                    0, 
                    0, 
                    0, 
                    0, 
                    0, 
                    0, 
                    0, 
                    0, 
                    0, 
                    0, 
                    0, 
                    0, 
                    0, 
                    0, 
                    0, 
                    0, 
                    0, 
                    0, 
                    0, 
                    0, 
                    0, 
                    0, 
                    0
                ]
            }, 
            {
                "max": 3.853024, 
                "max_ratio": 0.2857142857142857, 
                "percentile75": 2.7009505, 
                "percentile25": 2.39368925, 
                "total_no_nan": 14, 
                "total": 14, 
                "std": 0.43901373361408125, 
                "min": 2.2817590000000001, 
                "percentile91": 3.32348715, 
                "median": 2.458015, 
                "cluster_name": "cluster_outliers", 
                "percentile9": 2.33252448, 
                "distribution": [
                    0, 
                    0, 
                    0, 
                    0, 
                    0, 
                    0, 
                    0, 
                    0, 
                    0, 
                    0, 
                    0, 
                    0, 
                    0, 
                    0, 
                    0, 
                    0, 
                    0, 
                    0, 
                    0, 
                    0, 
                    0, 
                    0, 
                    0, 
                    0, 
                    0, 
                    0, 
                    0, 
                    0, 
                    0, 
                    0, 
                    0, 
                    0, 
                    0, 
                    0, 
                    0, 
                    1, 
                    2, 
                    4, 
                    1, 
                    1, 
                    1, 
                    0, 
                    1, 
                    0, 
                    0, 
                    1, 
                    0, 
                    0, 
                    0, 
                    0, 
                    0, 
                    0, 
                    1, 
                    0, 
                    0, 
                    0, 
                    0, 
                    0, 
                    0, 
                    1
                ]
            }
        ]
    }
]