{
    "metrics": {
        "nbClusters": 3, 
        "silhouette": 0.51232261858739103
    }, 
    "reduce_vars": [], 
    "train_nb_features": 1, 
    "train_nb_records": 3850, 
    "summary": {
        "clusters": []
    }, 
    "variables_importance": {
        "variables": [
            "kwh"
        ], 
        "importances": [
            1.0
        ]
    }, 
    "processed_feature_names": [
        "kwh"
    ], 
    "train_nb_outliers": 14, 
    "cluster_description": [
        {
            "variable": "kwh", 
            "var": 1.04, 
            "values": [
                {
                    "cluster": "cluster_0", 
                    "value": 0.7457059776274727
                }, 
                {
                    "cluster": "cluster_1", 
                    "value": 1.3297616333630717
                }, 
                {
                    "cluster": "cluster_2", 
                    "value": 0.31408570508054523
                }, 
                {
                    "cluster": "cluster_outliers", 
                    "value": 2.6548762857142854
                }
            ]
        }, 
        {
            "variable": "cluster_size", 
            "var": 623182.0, 
            "values": [
                {
                    "cluster": "cluster_0", 
                    "value": 1922
                }, 
                {
                    "cluster": "cluster_1", 
                    "value": 1121
                }, 
                {
                    "cluster": "cluster_2", 
                    "value": 807
                }, 
                {
                    "cluster": "cluster_outliers", 
                    "value": 14
                }
            ]
        }
    ]
}