{
    "trainingTime": 14654, 
    "state": "DONE", 
    "startTime": 1534361048308, 
    "preprocessingTime": 715, 
    "progress": {
        "top_level_todo": [
            "Fitting model", 
            "Saving model", 
            "Scoring model"
        ], 
        "stack": [], 
        "top_level_done": [
            {
                "name": "Loading source dataset", 
                "time": 4
            }, 
            {
                "name": "Collecting statistics", 
                "time": 2
            }, 
            {
                "name": "Preprocessing data", 
                "time": 708
            }
        ]
    }, 
    "endTime": 1534361063677, 
    "modelId": "m1"
}