{
  "description": "Spectral clustering\nCluster outliers\n\nTrained in 15 seconds on 3864 records\n",
  "name": "Spectral clustering",
  "starred": false,
  "clusterMetas": {
    "cluster_0": {
      "name": "cluster_0",
      "color": "#f06548"
    },
    "cluster_1": {
      "name": "cluster_1",
      "color": "#fdc766"
    },
    "cluster_2": {
      "name": "cluster_2",
      "color": "#7bc9a6"
    },
    "cluster_outliers": {
      "name": "cluster_outliers",
      "color": "#4ec5da"
    }
  },
  "activeClassifierThreshold": 0.0
}