{
  "cparams": {
    "extractBeforePrepare": true,
    "selection": {
      "useMemTable": false,
      "filter": {
        "distinct": false,
        "enabled": false
      },
      "partitionSelectionMethod": "ALL",
      "latestPartitionsN": 1,
      "samplingMethod": "HEAD_SEQUENTIAL",
      "maxRecords": 100000,
      "targetRatio": 0.02,
      "withinFirstN": -1,
      "maxReadUncompressedBytes": -1
    },
    "instanceIdRefresher": 2
  },
  "generationDate": 1534361592759,
  "policyId": "extractBeforePrepare\u003dtrue,,ds\u003dMeterCluster_Alldays,sel\u003d(method\u003dhead-s,records\u003d100000)",
  "instanceId": "93ae252c67dd5c57b9f5583eca1ea4b9-2",
  "format": "csv1",
  "schema": {
    "userModified": false,
    "columns": [
      {
        "name": "meterID",
        "type": "bigint",
        "timestampNoTzAsDate": false,
        "maxLength": -1
      },
      {
        "name": "kwh",
        "type": "double",
        "timestampNoTzAsDate": false,
        "maxLength": -1
      }
    ]
  },
  "fullPath": "full-93ae252c67dd5c57b9f5583eca1ea4b9-2.csv",
  "trainRows": 0,
  "testRows": 0,
  "fullRows": 3864
}