{
    "pw_linear": {
        "shifts": {
            "pw_linear:max-WEnd.AM.Slope": -7.368505060111436e-15, 
            "pw_linear:WDay.AM.Slope-TEC": 3.416748986888692e-15, 
            "pw_linear:LF+ToUmax": 4.0814493310057805e-15, 
            "pw_linear:MORNPEAK+WEnd.Centroid": 3.2923237337738263e-16, 
            "pw_linear:LF-TEC": 8.091296802644192e-15, 
            "pw_linear:WEnd.Centroid-WEnd.AM.Slope": -4.812160998924016e-16, 
            "pw_linear:WDay.Centroid-WEnd.AM.Slope": -8.801509840152951e-17, 
            "pw_linear:LF+max": -3.6527699307292755e-15, 
            "pw_linear:LF+WEnd.AM.Slope": 3.778987022166648e-15, 
            "pw_linear:LF-WEnd.AM.Slope": 4.160648584860577e-15, 
            "pw_linear:ToUmax-WEnd.Centroid": 8.911170345490361e-16, 
            "pw_linear:WDay.Centroid+WEnd.Centroid": -9.320426218350894e-16, 
            "pw_linear:LF-ToUmax": 3.788949643239786e-15, 
            "pw_linear:LF+WDay.AM.Slope": 3.260285664567406e-15, 
            "pw_linear:MORNPEAK-ToUmax": 9.317559277034884e-16, 
            "pw_linear:MORNPEAK+TEC": -3.0918528622517757e-15, 
            "pw_linear:WDay.AM.Slope+WEnd.AM.Slope": -8.496718141494561e-16, 
            "pw_linear:TEC+max": -1.1709305069916839e-14, 
            "pw_linear:WDay.Centroid-max": 7.360083419995655e-15, 
            "pw_linear:WEnd.Centroid+max": -8.163472050274763e-15, 
            "pw_linear:MORNPEAK-TEC": 5.2046452650858856e-15, 
            "pw_linear:WDay.AM.Slope-ToUmax": -8.158598250037545e-16, 
            "pw_linear:TEC-WEnd.Centroid": -3.589983915908641e-15, 
            "pw_linear:MORNPEAK+ToUmax": 1.2216395315186237e-15, 
            "pw_linear:WDay.Centroid+WEnd.AM.Slope": -4.253107442301923e-16, 
            "pw_linear:WDay.AM.Slope-WEnd.AM.Slope": -5.238618519680613e-16, 
            "pw_linear:LF+WDay.Centroid": 3.663234266532714e-15, 
            "pw_linear:WDay.Centroid-MORNPEAK": -1.2478362077936717e-15, 
            "pw_linear:ToUmax-WEnd.AM.Slope": 3.1450346236637746e-16, 
            "pw_linear:WDay.AM.Slope-WDay.Centroid": -3.957095751423815e-16, 
            "pw_linear:ToUmax+WEnd.AM.Slope": -1.075102993504025e-17, 
            "pw_linear:MORNPEAK+max": -6.483336928793123e-15, 
            "pw_linear:WDay.Centroid+max": -7.869538891850762e-15, 
            "pw_linear:MORNPEAK-max": 8.628418258198804e-15, 
            "pw_linear:TEC-ToUmax": -4.2984051150948925e-15, 
            "pw_linear:WDay.Centroid-WEnd.Centroid": 4.051704814852169e-16, 
            "pw_linear:TEC+WEnd.Centroid": -4.8102258135357085e-15, 
            "pw_linear:WDay.AM.Slope+WEnd.Centroid": -1.4923863020493873e-15, 
            "pw_linear:WDay.AM.Slope+WDay.Centroid": -8.393687437950425e-16, 
            "pw_linear:WDay.AM.Slope-max": 6.866646982743758e-15, 
            "pw_linear:LF-WDay.AM.Slope": 4.616635601172084e-15, 
            "pw_linear:MORNPEAK-WEnd.AM.Slope": 1.2453276341421624e-15, 
            "pw_linear:WEnd.Centroid+WEnd.AM.Slope": -8.499764266642822e-16, 
            "pw_linear:LF-WDay.Centroid": 4.161938708452782e-15, 
            "pw_linear:LF+MORNPEAK": 5.0852371592740384e-15, 
            "pw_linear:LF+TEC": -2.660521541257961e-16, 
            "pw_linear:WDay.AM.Slope-WEnd.Centroid": 5.984739997172406e-18, 
            "pw_linear:max+WEnd.AM.Slope": -7.6923619185213e-15, 
            "pw_linear:ToUmax+max": -7.39333993926138e-15, 
            "pw_linear:WDay.Centroid-TEC": 3.959389304476623e-15, 
            "pw_linear:WDay.AM.Slope+MORNPEAK": 3.6650261048552216e-16, 
            "pw_linear:MORNPEAK+WEnd.AM.Slope": 9.207719587865223e-16, 
            "pw_linear:TEC+WEnd.AM.Slope": -4.342054296631156e-15, 
            "pw_linear:LF-WEnd.Centroid": 4.6769847158741104e-15, 
            "pw_linear:WDay.Centroid+TEC": -4.39645450810246e-15, 
            "pw_linear:WEnd.Centroid-max": 6.908826856855566e-15, 
            "pw_linear:TEC+ToUmax": -4.0078406127172045e-15, 
            "pw_linear:LF+WEnd.Centroid": 3.29332716323443e-15, 
            "pw_linear:WDay.AM.Slope+max": -8.234872327830849e-15, 
            "pw_linear:TEC-WEnd.AM.Slope": -4.004686977269593e-15, 
            "pw_linear:ToUmax-max": 7.703112948456339e-15, 
            "pw_linear:MORNPEAK-WEnd.Centroid": 1.6617508602927213e-15, 
            "pw_linear:WDay.Centroid+MORNPEAK": 7.993390756702426e-16, 
            "pw_linear:LF-max": 1.1516503266415116e-14, 
            "pw_linear:WDay.AM.Slope-MORNPEAK": -1.784455948617981e-15, 
            "pw_linear:WDay.AM.Slope+ToUmax": -5.450055441736405e-16, 
            "pw_linear:WDay.Centroid-ToUmax": -5.041516304204874e-16, 
            "pw_linear:ToUmax+WEnd.Centroid": -5.462956677658453e-16, 
            "pw_linear:TEC-max": 3.3877212060640834e-15, 
            "pw_linear:WDay.Centroid+ToUmax": -8.844513959893112e-17, 
            "pw_linear:LF-MORNPEAK": 2.940335013700608e-15, 
            "pw_linear:WDay.AM.Slope+TEC": -4.8453458446568405e-15
        }, 
        "inv_scales": {
            "pw_linear:max-WEnd.AM.Slope": 0.8424140981606237, 
            "pw_linear:WDay.AM.Slope-TEC": 0.8879906797705195, 
            "pw_linear:LF+ToUmax": 0.6983609570360294, 
            "pw_linear:MORNPEAK+WEnd.Centroid": 0.7651554767260371, 
            "pw_linear:LF-TEC": 0.9244297186558771, 
            "pw_linear:WEnd.Centroid-WEnd.AM.Slope": 0.6580271576405944, 
            "pw_linear:WDay.Centroid-WEnd.AM.Slope": 0.6730669275104632, 
            "pw_linear:LF+max": 0.7470923610716436, 
            "pw_linear:LF+WEnd.AM.Slope": 0.7177329062302219, 
            "pw_linear:LF-WEnd.AM.Slope": 0.6969390621992089, 
            "pw_linear:ToUmax-WEnd.Centroid": 0.8223479607924801, 
            "pw_linear:WDay.Centroid+WEnd.Centroid": 0.53695441970983, 
            "pw_linear:LF-ToUmax": 0.7161896371675733, 
            "pw_linear:LF+WDay.AM.Slope": 0.7326007184755633, 
            "pw_linear:MORNPEAK-ToUmax": 0.6973985887176023, 
            "pw_linear:MORNPEAK+TEC": 0.5582417837406646, 
            "pw_linear:WDay.AM.Slope+WEnd.AM.Slope": 0.5827842504350689, 
            "pw_linear:TEC+max": 0.5458187518482399, 
            "pw_linear:WDay.Centroid-max": 0.7613480829339294, 
            "pw_linear:WEnd.Centroid+max": 0.688114487776533, 
            "pw_linear:MORNPEAK-TEC": 1.1243008986461347, 
            "pw_linear:WDay.AM.Slope-ToUmax": 0.6848615855959791, 
            "pw_linear:TEC-WEnd.Centroid": 0.7187327390587526, 
            "pw_linear:MORNPEAK+ToUmax": 0.7172320298289976, 
            "pw_linear:WDay.Centroid+WEnd.AM.Slope": 0.7468954577160226, 
            "pw_linear:WDay.AM.Slope-WEnd.AM.Slope": 0.9732692122789471, 
            "pw_linear:LF+WDay.Centroid": 0.7967890581936983, 
            "pw_linear:WDay.Centroid-MORNPEAK": 0.6676358306588729, 
            "pw_linear:ToUmax-WEnd.AM.Slope": 0.6711539288782946, 
            "pw_linear:WDay.AM.Slope-WDay.Centroid": 0.6827806904219013, 
            "pw_linear:ToUmax+WEnd.AM.Slope": 0.7495346506608607, 
            "pw_linear:MORNPEAK+max": 0.5722829657804421, 
            "pw_linear:WDay.Centroid+max": 0.663019234602988, 
            "pw_linear:MORNPEAK-max": 1.0277988758757788, 
            "pw_linear:TEC-ToUmax": 0.7375871431457446, 
            "pw_linear:WDay.Centroid-WEnd.Centroid": 1.3714955372409474, 
            "pw_linear:TEC+WEnd.Centroid": 0.696027337685272, 
            "pw_linear:WDay.AM.Slope+WEnd.Centroid": 0.7464172813798395, 
            "pw_linear:WDay.AM.Slope+WDay.Centroid": 0.7342331102546875, 
            "pw_linear:WDay.AM.Slope-max": 0.8636788515088586, 
            "pw_linear:LF-WDay.AM.Slope": 0.6841016066272128, 
            "pw_linear:MORNPEAK-WEnd.AM.Slope": 0.9588296218328598, 
            "pw_linear:WEnd.Centroid+WEnd.AM.Slope": 0.7691102258584782, 
            "pw_linear:LF-WDay.Centroid": 0.6421770109296536, 
            "pw_linear:LF+MORNPEAK": 0.7138030211176185, 
            "pw_linear:LF+TEC": 0.5944570709351052, 
            "pw_linear:WDay.AM.Slope-WEnd.Centroid": 0.6734174692808773, 
            "pw_linear:max+WEnd.AM.Slope": 0.6212645308908785, 
            "pw_linear:ToUmax+max": 0.6838331607772666, 
            "pw_linear:WDay.Centroid-TEC": 0.7222064343460648, 
            "pw_linear:WDay.AM.Slope+MORNPEAK": 0.5406087634938915, 
            "pw_linear:MORNPEAK+WEnd.AM.Slope": 0.5859808674162594, 
            "pw_linear:TEC+WEnd.AM.Slope": 0.6070912042561556, 
            "pw_linear:LF-WEnd.Centroid": 0.6707841914125923, 
            "pw_linear:WDay.Centroid+TEC": 0.6929162711028608, 
            "pw_linear:WEnd.Centroid-max": 0.7277637810230596, 
            "pw_linear:TEC+ToUmax": 0.680117547483578, 
            "pw_linear:LF+WEnd.Centroid": 0.7500506028224234, 
            "pw_linear:WDay.AM.Slope+max": 0.6132071549439473, 
            "pw_linear:TEC-WEnd.AM.Slope": 0.881567038581672, 
            "pw_linear:ToUmax-max": 0.7329308188572305, 
            "pw_linear:MORNPEAK-WEnd.Centroid": 0.6605374486680605, 
            "pw_linear:WDay.Centroid+MORNPEAK": 0.7545230446391001, 
            "pw_linear:LF-max": 0.6729229358563074, 
            "pw_linear:WDay.AM.Slope-MORNPEAK": 1.314920400913462, 
            "pw_linear:WDay.AM.Slope+ToUmax": 0.7316707013736858, 
            "pw_linear:WDay.Centroid-ToUmax": 0.822144702097771, 
            "pw_linear:ToUmax+WEnd.Centroid": 0.6297820607505492, 
            "pw_linear:TEC-max": 1.2467191109494413, 
            "pw_linear:WDay.Centroid+ToUmax": 0.6298734107718239, 
            "pw_linear:LF-MORNPEAK": 0.7005955269826111, 
            "pw_linear:WDay.AM.Slope+TEC": 0.6050266299160105
        }
    }, 
    "polynomial_interaction": {
        "shifts": {
            "poly_int:LF": 3.8963165955243874e-15, 
            "poly_int:ToUmax * WEnd.AM.Slope": 0.13736749566800902, 
            "poly_int:MORNPEAK * WEnd.Centroid": -0.10997152431948268, 
            "poly_int:WDay.Centroid": -4.162512096715984e-15, 
            "poly_int:WDay.Centroid * ToUmax": 0.04136485116940608, 
            "poly_int:WDay.Centroid * WEnd.Centroid": 0.35651708924785847, 
            "poly_int:max": -1.8341257069178668e-16, 
            "poly_int:TEC * WEnd.Centroid": 0.4720054836080165, 
            "poly_int:ToUmax * max": 0.7339469595103182, 
            "poly_int:LF * WDay.Centroid": 0.4147767028801634, 
            "poly_int:ToUmax": -2.929297289633967e-16, 
            "poly_int:MORNPEAK * TEC": -0.06599632801502274, 
            "poly_int:LF * ToUmax": -0.2123720958311473, 
            "poly_int:LF * MORNPEAK": 0.02519541469927809, 
            "poly_int:max * WEnd.AM.Slope": 0.055944692054003785, 
            "poly_int:WEnd.Centroid * WEnd.AM.Slope": 0.2953433892032984, 
            "poly_int:WDay.Centroid * WEnd.AM.Slope": 0.6780945959589904, 
            "poly_int:LF * max": -0.11119514225709846, 
            "poly_int:LF * WDay.AM.Slope": -0.018668118331887307, 
            "poly_int:TEC * WEnd.AM.Slope": 0.3295994176653372, 
            "poly_int:": 1.0, 
            "poly_int:LF * WEnd.AM.Slope": -0.10414501410291635, 
            "poly_int:WDay.Centroid * TEC": 0.3657885529147119, 
            "poly_int:WDay.Centroid * MORNPEAK": 0.08091500819150747, 
            "poly_int:WDay.AM.Slope * ToUmax": -0.12169689528419106, 
            "poly_int:TEC * max": -0.10252439517368898, 
            "poly_int:WDay.AM.Slope * WEnd.AM.Slope": 0.5265112227398681, 
            "poly_int:MORNPEAK * WEnd.AM.Slope": 0.06920409650788673, 
            "poly_int:WEnd.Centroid": -1.684865574653058e-16, 
            "poly_int:WDay.AM.Slope * MORNPEAK": -0.02802589208298471, 
            "poly_int:MORNPEAK": 1.4571229238624553e-16, 
            "poly_int:WDay.AM.Slope * WDay.Centroid": 0.6042517036014426, 
            "poly_int:WDay.Centroid * max": 0.03207925907960467, 
            "poly_int:MORNPEAK * max": 0.2605510799925673, 
            "poly_int:TEC * ToUmax": -0.07250188434283003, 
            "poly_int:LF * WEnd.Centroid": -0.02938157020682267, 
            "poly_int:WDay.AM.Slope * max": -0.14592780612997122, 
            "poly_int:WDay.AM.Slope * TEC": 0.710588675411615, 
            "poly_int:ToUmax * WEnd.Centroid": -0.1036727752209529, 
            "poly_int:WDay.AM.Slope": 1.068688212309451e-15, 
            "poly_int:WDay.AM.Slope * WEnd.Centroid": 0.4559927619648514, 
            "poly_int:WEnd.Centroid * max": -0.15468515717296724, 
            "poly_int:MORNPEAK * ToUmax": 0.26018556676018073, 
            "poly_int:WEnd.AM.Slope": -7.564935336216234e-15, 
            "poly_int:TEC": -6.972087708831665e-16, 
            "poly_int:LF * TEC": -0.06836538936139316
        }, 
        "inv_scales": {
            "poly_int:LF": 1.0000000000000018, 
            "poly_int:ToUmax * WEnd.AM.Slope": 0.9290717962176943, 
            "poly_int:MORNPEAK * WEnd.Centroid": 0.9651153379378972, 
            "poly_int:WDay.Centroid": 0.9999999999999984, 
            "poly_int:WDay.Centroid * ToUmax": 0.9112878731527965, 
            "poly_int:WDay.Centroid * WEnd.Centroid": 0.7008742178319414, 
            "poly_int:max": 1.0000000000000047, 
            "poly_int:TEC * WEnd.Centroid": 0.41736953383846476, 
            "poly_int:ToUmax * max": 0.5426986943289399, 
            "poly_int:LF * WDay.Centroid": 0.7549713347612752, 
            "poly_int:ToUmax": 1.00000000000001, 
            "poly_int:MORNPEAK * TEC": 0.9281895442130791, 
            "poly_int:LF * ToUmax": 0.7513649792415368, 
            "poly_int:LF * MORNPEAK": 0.8893462805898013, 
            "poly_int:max * WEnd.AM.Slope": 0.9189900748848289, 
            "poly_int:WEnd.Centroid * WEnd.AM.Slope": 0.9481097187713672, 
            "poly_int:WDay.Centroid * WEnd.AM.Slope": 0.8006285402093954, 
            "poly_int:LF * max": 0.7576752065057302, 
            "poly_int:LF * WDay.AM.Slope": 0.9194552367439356, 
            "poly_int:TEC * WEnd.AM.Slope": 0.8966226836478909, 
            "poly_int:": 0.0, 
            "poly_int:LF * WEnd.AM.Slope": 0.7988806234697235, 
            "poly_int:WDay.Centroid * TEC": 0.758677310495523, 
            "poly_int:WDay.Centroid * MORNPEAK": 0.992813779917993, 
            "poly_int:WDay.AM.Slope * ToUmax": 0.6485746273710348, 
            "poly_int:TEC * max": 0.8988614184534585, 
            "poly_int:WDay.AM.Slope * WEnd.AM.Slope": 0.8699520416562756, 
            "poly_int:MORNPEAK * WEnd.AM.Slope": 0.9775056329388858, 
            "poly_int:WEnd.Centroid": 1.0000000000000009, 
            "poly_int:WDay.AM.Slope * MORNPEAK": 0.893945952057665, 
            "poly_int:MORNPEAK": 1.0, 
            "poly_int:WDay.AM.Slope * WDay.Centroid": 0.7157538988769163, 
            "poly_int:WDay.Centroid * max": 0.9038700746865521, 
            "poly_int:MORNPEAK * max": 0.9472077627013433, 
            "poly_int:TEC * ToUmax": 0.8362684318972969, 
            "poly_int:LF * WEnd.Centroid": 1.0321235991023257, 
            "poly_int:WDay.AM.Slope * max": 0.6681617928937491, 
            "poly_int:WDay.AM.Slope * TEC": 0.4547673674506188, 
            "poly_int:ToUmax * WEnd.Centroid": 0.7411184590098754, 
            "poly_int:WDay.AM.Slope": 1.000000000000001, 
            "poly_int:WDay.AM.Slope * WEnd.Centroid": 0.4815086055561427, 
            "poly_int:WEnd.Centroid * max": 0.7701395395818942, 
            "poly_int:MORNPEAK * ToUmax": 0.9344477735866096, 
            "poly_int:WEnd.AM.Slope": 1.0, 
            "poly_int:TEC": 0.9999999999999976, 
            "poly_int:LF * TEC": 1.0608633339302287
        }
    }
}