{
    "per_feature": {
        "LF": {
            "stats": {
                "std": 0.05433693738505376, 
                "p99": 0.36408201107630683, 
                "min": 0.07045682, 
                "max": 0.7266218354430379, 
                "average": 0.2058646336414541, 
                "median": 0.201083988844878
            }, 
            "missing_impute_with_value": 0.2058646336414541
        }, 
        "clust_cluster": {
            "stats": {}
        }, 
        "TEC": {
            "stats": {
                "std": 2042.0565812879079, 
                "p99": 9932.410949999989, 
                "min": 191.012, 
                "max": 18673.6, 
                "average": 4236.076986442875, 
                "median": 4024.072
            }, 
            "missing_impute_with_value": 4236.076986442875
        }, 
        "WDay.Centroid": {
            "stats": {
                "std": 3.0471402600827227, 
                "p99": 38.0, 
                "min": 8.0, 
                "max": 41.0, 
                "average": 32.08457069076824, 
                "median": 32.0
            }, 
            "missing_impute_with_value": 32.08457069076824
        }, 
        "MORNPEAK": {
            "stats": {
                "std": 0.611062648753493, 
                "p99": 2.868980619999996, 
                "min": -0.162439, 
                "max": 5.02474, 
                "average": 0.9741401243150439, 
                "median": 0.8301585500000002
            }, 
            "missing_impute_with_value": 0.9741401243150439
        }, 
        "WDay.AM.Slope": {
            "stats": {
                "std": 0.20819234667510766, 
                "p99": 1.0287306852173947, 
                "min": -0.900021739130435, 
                "max": 1.748143, 
                "average": 0.19704378555288307, 
                "median": 0.13129564999999999
            }, 
            "missing_impute_with_value": 0.19704378555288307
        }, 
        "ToUmax": {
            "stats": {
                "std": 8.02876254532131, 
                "p99": 47.0, 
                "min": 1.0, 
                "max": 48.0, 
                "average": 31.927695287282116, 
                "median": 34.0
            }, 
            "missing_impute_with_value": 31.927695287282116
        }, 
        "WEnd.Centroid": {
            "stats": {
                "std": 2.627271708408661, 
                "p99": 37.0, 
                "min": 9.0, 
                "max": 40.0, 
                "average": 30.66785022595223, 
                "median": 31.0
            }, 
            "missing_impute_with_value": 30.66785022595223
        }, 
        "max": {
            "stats": {
                "std": 2.0002040430475394, 
                "p99": 10.921109999999992, 
                "min": 0.251, 
                "max": 14.134, 
                "average": 5.883053260167865, 
                "median": 5.751
            }, 
            "missing_impute_with_value": 5.883053260167865
        }, 
        "WEnd.AM.Slope": {
            "stats": {
                "std": 0.13889746522166482, 
                "p99": 0.6363055198333318, 
                "min": -0.28032290000000004, 
                "max": 1.6431349999999998, 
                "average": 0.14846475552077687, 
                "median": 0.11233854166666651
            }, 
            "missing_impute_with_value": 0.14846475552077687
        }, 
        "meterID": {
            "stats": {}
        }, 
        "Class": {
            "stats": {
                "mostFrequentValue": "I", 
                "leastFrequentValue": "D"
            }, 
            "category_possible_values": [
                "I", 
                "K", 
                "C", 
                "G", 
                "M", 
                "H", 
                "F", 
                "B", 
                "O", 
                "L", 
                "J"
            ]
        }
    }, 
    "feature_order": [
        "LF", 
        "clust_cluster", 
        "WDay.AM.Slope", 
        "WDay.Centroid", 
        "MORNPEAK", 
        "TEC", 
        "ToUmax", 
        "WEnd.Centroid", 
        "max", 
        "WEnd.AM.Slope", 
        "meterID", 
        "Class"
    ]
}