{
  "state": "DONE",
  "preSearchDescription": {
    "gridLength": 1,
    "importantParams": [
      {
        "name": "Max features",
        "val": "no limit"
      }
    ]
  },
  "postSearchDescription": {
    "importantParams": [
      {
        "name": "Max features",
        "val": "no limit"
      }
    ]
  },
  "modelId": "m1",
  "progress": {
    "top_level_todo": [],
    "stack": [],
    "top_level_done": [
      {
        "name": "Loading train set",
        "time": 11
      },
      {
        "name": "Loading test set",
        "time": 17
      },
      {
        "name": "Collecting statistics",
        "time": 12
      },
      {
        "name": "Preprocessing train set",
        "time": 111
      },
      {
        "name": "Preprocessing test set",
        "time": 128
      },
      {
        "name": "Fitting model",
        "time": 13317
      },
      {
        "name": "Saving model",
        "time": 3
      },
      {
        "name": "Scoring model",
        "time": 590
      }
    ]
  },
  "startTime": 1535494710805,
  "endTime": 1535494724994,
  "preprocessingTime": 279,
  "trainingTime": 13910
}