{
    "usedGridSearch": true, 
    "probaAware": true, 
    "gridSize": 5, 
    "modelInputNRows": 3098, 
    "modelInputNCols": 21, 
    "modelInputMemory": 520464, 
    "gridCells": [
        {
            "score": 0.9107402128962255, 
            "params": {
                "penalty": "l2", 
                "C": 0.01
            }
        }, 
        {
            "score": 0.955780681985324, 
            "params": {
                "penalty": "l2", 
                "C": 0.1
            }
        }, 
        {
            "score": 0.9648025078113798, 
            "params": {
                "penalty": "l2", 
                "C": 1.0
            }
        }, 
        {
            "score": 0.9659324160084526, 
            "params": {
                "penalty": "l2", 
                "C": 10.0
            }
        }, 
        {
            "score": 0.965938267710974, 
            "params": {
                "penalty": "l2", 
                "C": 100.0
            }
        }
    ], 
    "gridBestScore": 0.965938267710974, 
    "modelInputIsSparse": false
}