{
  "state": "DONE",
  "preSearchDescription": {
    "gridLength": 5,
    "importantParams": [
      {
        "name": "penalty",
        "vals": [
          "l2"
        ]
      },
      {
        "name": "C",
        "vals": [
          "0.01",
          "0.1",
          "1.0",
          "10.0",
          "100.0"
        ]
      }
    ]
  },
  "postSearchDescription": {
    "importantParams": [
      {
        "name": "C",
        "val": "100.0"
      },
      {
        "name": "penalty",
        "val": "l2"
      }
    ]
  },
  "modelId": "m1",
  "progress": {
    "top_level_todo": [],
    "stack": [],
    "top_level_done": [
      {
        "name": "Loading train set",
        "time": 11
      },
      {
        "name": "Loading test set",
        "time": 31
      },
      {
        "name": "Collecting statistics",
        "time": 46
      },
      {
        "name": "Preprocessing train set",
        "time": 83
      },
      {
        "name": "Preprocessing test set",
        "time": 150
      },
      {
        "name": "Fitting model",
        "time": 1826
      },
      {
        "name": "Saving model",
        "time": 3
      },
      {
        "name": "Scoring model",
        "time": 483
      }
    ]
  },
  "startTime": 1535494690912,
  "endTime": 1535494693549,
  "preprocessingTime": 323,
  "trainingTime": 2314
}