{
    "per_feature": {
        "LF": {
            "stats": {
                "std": 0.05472927851317673, 
                "p99": 0.3644669070763069, 
                "min": 0.07045682, 
                "max": 0.7644843000000001, 
                "average": 0.20674822952729502, 
                "median": 0.20161485
            }, 
            "missing_impute_with_value": 0.20674822952729502
        }, 
        "clust_cluster": {
            "stats": {}
        }, 
        "TEC": {
            "stats": {
                "std": 2051.970491594271, 
                "p99": 9932.410949999989, 
                "min": 210.31599999999997, 
                "max": 19050.54, 
                "average": 4251.357824725632, 
                "median": 4024.072
            }, 
            "missing_impute_with_value": 4251.357824725632
        }, 
        "WDay.Centroid": {
            "stats": {
                "std": 3.0404041475333505, 
                "p99": 38.0, 
                "min": 8.0, 
                "max": 41.0, 
                "average": 32.08263395739186, 
                "median": 32.0
            }, 
            "missing_impute_with_value": 32.08263395739186
        }, 
        "MORNPEAK": {
            "stats": {
                "std": 0.6117007648330938, 
                "p99": 2.8333872299999974, 
                "min": -0.162439, 
                "max": 5.02474, 
                "average": 0.9819569125219358, 
                "median": 0.8411585
            }, 
            "missing_impute_with_value": 0.9819569125219358
        }, 
        "WDay.AM.Slope": {
            "stats": {
                "std": 0.20817632068976502, 
                "p99": 1.0108032199999983, 
                "min": -0.900021739130435, 
                "max": 1.748143, 
                "average": 0.19934290324763773, 
                "median": 0.13246305
            }, 
            "missing_impute_with_value": 0.19934290324763773
        }, 
        "ToUmax": {
            "stats": {
                "std": 7.930884800771722, 
                "p99": 47.0, 
                "min": 1.0, 
                "max": 48.0, 
                "average": 31.94609425435765, 
                "median": 34.0
            }, 
            "missing_impute_with_value": 31.94609425435765
        }, 
        "WEnd.Centroid": {
            "stats": {
                "std": 2.6364935942263545, 
                "p99": 37.0, 
                "min": 9.0, 
                "max": 40.0, 
                "average": 30.665590703679793, 
                "median": 31.0
            }, 
            "missing_impute_with_value": 30.665590703679793
        }, 
        "WEnd.AM.Slope": {
            "stats": {
                "std": 0.1409765294244246, 
                "p99": 0.6363055198333318, 
                "min": -0.28032290000000004, 
                "max": 1.6431349999999998, 
                "average": 0.15194415747944912, 
                "median": 0.1136510583333335
            }, 
            "missing_impute_with_value": 0.15194415747944912
        }, 
        "meterID": {
            "stats": {}
        }, 
        "Class": {
            "stats": {
                "mostFrequentValue": "I", 
                "leastFrequentValue": "D"
            }, 
            "category_possible_values": [
                "I", 
                "K", 
                "C", 
                "G", 
                "M", 
                "H", 
                "F", 
                "B", 
                "O", 
                "L", 
                "J"
            ]
        }
    }, 
    "feature_order": [
        "LF", 
        "clust_cluster", 
        "WDay.AM.Slope", 
        "WDay.Centroid", 
        "MORNPEAK", 
        "TEC", 
        "ToUmax", 
        "WEnd.Centroid", 
        "WEnd.AM.Slope", 
        "meterID", 
        "Class"
    ]
}