{
  "state": "DONE",
  "preSearchDescription": {
    "gridLength": 1,
    "importantParams": [
      {
        "name": "k",
        "vals": [
          "5"
        ]
      },
      {
        "name": "p",
        "val": "2"
      }
    ]
  },
  "postSearchDescription": {
    "importantParams": [
      {
        "name": "k",
        "val": "5"
      },
      {
        "name": "p",
        "val": "2"
      }
    ]
  },
  "modelId": "m1",
  "progress": {
    "top_level_todo": [],
    "stack": [],
    "top_level_done": [
      {
        "name": "Loading train set",
        "time": 93
      },
      {
        "name": "Loading test set",
        "time": 5
      },
      {
        "name": "Collecting statistics",
        "time": 108
      },
      {
        "name": "Preprocessing train set",
        "time": 157
      },
      {
        "name": "Preprocessing test set",
        "time": 76
      },
      {
        "name": "Fitting model",
        "time": 6
      },
      {
        "name": "Saving model",
        "time": 2
      },
      {
        "name": "Scoring model",
        "time": 786
      }
    ]
  },
  "startTime": 1535494703245,
  "endTime": 1535494704479,
  "preprocessingTime": 439,
  "trainingTime": 794
}