{
    "metrics": {
        "nbClusters": 3, 
        "silhouette": 0.54705092877761197, 
        "inertia": 598.09293272823402
    }, 
    "reduce_vars": [], 
    "train_nb_features": 1, 
    "train_nb_records": 3850, 
    "summary": {
        "clusters": []
    }, 
    "variables_importance": {
        "variables": [
            "kwh"
        ], 
        "importances": [
            1.0
        ]
    }, 
    "processed_feature_names": [
        "kwh"
    ], 
    "train_nb_outliers": 14, 
    "cluster_description": [
        {
            "variable": "kwh", 
            "var": 0.92, 
            "values": [
                {
                    "cluster": "cluster_0", 
                    "value": 0.90124602839116852
                }, 
                {
                    "cluster": "cluster_1", 
                    "value": 0.43270019120586262
                }, 
                {
                    "cluster": "cluster_2", 
                    "value": 1.4390299764397916
                }, 
                {
                    "cluster": "cluster_outliers", 
                    "value": 2.6548762857142854
                }
            ]
        }, 
        {
            "variable": "cluster_size", 
            "var": 538831.33, 
            "values": [
                {
                    "cluster": "cluster_0", 
                    "value": 1585
                }, 
                {
                    "cluster": "cluster_1", 
                    "value": 1501
                }, 
                {
                    "cluster": "cluster_2", 
                    "value": 764
                }, 
                {
                    "cluster": "cluster_outliers", 
                    "value": 14
                }
            ]
        }
    ]
}