{
    "trainingTime": 873, 
    "state": "DONE", 
    "startTime": 1534361592805, 
    "preprocessingTime": 511, 
    "progress": {
        "top_level_todo": [], 
        "stack": [], 
        "top_level_done": [
            {
                "name": "Loading source dataset", 
                "time": 3
            }, 
            {
                "name": "Collecting statistics", 
                "time": 2
            }, 
            {
                "name": "Preprocessing data", 
                "time": 506
            }, 
            {
                "name": "Fitting model", 
                "time": 104
            }, 
            {
                "name": "Saving model", 
                "time": 2
            }, 
            {
                "name": "Scoring model", 
                "time": 767
            }
        ]
    }, 
    "endTime": 1534361594189, 
    "modelId": "m1"
}